CREATE DATABASE  IF NOT EXISTS `pet_adoption_status_db` /*!40100 DEFAULT CHARACTER SET utf8mb3 */ /*!80016 DEFAULT ENCRYPTION='N' */;
USE `pet_adoption_status_db`;
-- MySQL dump 10.13  Distrib 8.0.43, for macos15 (arm64)
--
-- Host: localhost    Database: pet_adoption_status_db
-- ------------------------------------------------------
-- Server version	9.4.0

/*!40101 SET @OLD_CHARACTER_SET_CLIENT=@@CHARACTER_SET_CLIENT */;
/*!40101 SET @OLD_CHARACTER_SET_RESULTS=@@CHARACTER_SET_RESULTS */;
/*!40101 SET @OLD_COLLATION_CONNECTION=@@COLLATION_CONNECTION */;
/*!50503 SET NAMES utf8 */;
/*!40103 SET @OLD_TIME_ZONE=@@TIME_ZONE */;
/*!40103 SET TIME_ZONE='+00:00' */;
/*!40014 SET @OLD_UNIQUE_CHECKS=@@UNIQUE_CHECKS, UNIQUE_CHECKS=0 */;
/*!40014 SET @OLD_FOREIGN_KEY_CHECKS=@@FOREIGN_KEY_CHECKS, FOREIGN_KEY_CHECKS=0 */;
/*!40101 SET @OLD_SQL_MODE=@@SQL_MODE, SQL_MODE='NO_AUTO_VALUE_ON_ZERO' */;
/*!40111 SET @OLD_SQL_NOTES=@@SQL_NOTES, SQL_NOTES=0 */;

--
-- Table structure for table `Adoption_Likelihood`
--

DROP TABLE IF EXISTS `Adoption_Likelihood`;
/*!40101 SET @saved_cs_client     = @@character_set_client */;
/*!50503 SET character_set_client = utf8mb4 */;
CREATE TABLE `Adoption_Likelihood` (
  `Adoption_Likelihood_id` int NOT NULL AUTO_INCREMENT,
  `Adoption_Likelihood` varchar(15) NOT NULL,
  PRIMARY KEY (`Adoption_Likelihood_id`)
) ENGINE=InnoDB AUTO_INCREMENT=3 DEFAULT CHARSET=utf8mb3;
/*!40101 SET character_set_client = @saved_cs_client */;

--
-- Dumping data for table `Adoption_Likelihood`
--

LOCK TABLES `Adoption_Likelihood` WRITE;
/*!40000 ALTER TABLE `Adoption_Likelihood` DISABLE KEYS */;
INSERT INTO `Adoption_Likelihood` VALUES (1,'Likely'),(2,'Unlikely');
/*!40000 ALTER TABLE `Adoption_Likelihood` ENABLE KEYS */;
UNLOCK TABLES;

--
-- Table structure for table `Health_Condition`
--

DROP TABLE IF EXISTS `Health_Condition`;
/*!40101 SET @saved_cs_client     = @@character_set_client */;
/*!50503 SET character_set_client = utf8mb4 */;
CREATE TABLE `Health_Condition` (
  `Health_Condition_id` int NOT NULL AUTO_INCREMENT,
  `Health_condition` varchar(25) NOT NULL,
  PRIMARY KEY (`Health_Condition_id`)
) ENGINE=InnoDB AUTO_INCREMENT=3 DEFAULT CHARSET=utf8mb3;
/*!40101 SET character_set_client = @saved_cs_client */;

--
-- Dumping data for table `Health_Condition`
--

LOCK TABLES `Health_Condition` WRITE;
/*!40000 ALTER TABLE `Health_Condition` DISABLE KEYS */;
INSERT INTO `Health_Condition` VALUES (1,'Healthy'),(2,'Medical Condition');
/*!40000 ALTER TABLE `Health_Condition` ENABLE KEYS */;
UNLOCK TABLES;

--
-- Table structure for table `Pet_types`
--

DROP TABLE IF EXISTS `Pet_types`;
/*!40101 SET @saved_cs_client     = @@character_set_client */;
/*!50503 SET character_set_client = utf8mb4 */;
CREATE TABLE `Pet_types` (
  `Pet_Type_id` int NOT NULL AUTO_INCREMENT,
  `Pet_type` varchar(15) NOT NULL,
  `Breed` varchar(25) NOT NULL,
  PRIMARY KEY (`Pet_Type_id`)
) ENGINE=InnoDB AUTO_INCREMENT=8 DEFAULT CHARSET=utf8mb3;
/*!40101 SET character_set_client = @saved_cs_client */;

--
-- Dumping data for table `Pet_types`
--

LOCK TABLES `Pet_types` WRITE;
/*!40000 ALTER TABLE `Pet_types` DISABLE KEYS */;
INSERT INTO `Pet_types` VALUES (1,'Bird','Parakeet'),(2,'Rabbit','Rabbit'),(3,'Dog','Golden Retriever'),(4,'Dog','Labrador'),(5,'Cat','Siamese'),(6,'Cat','Persian'),(7,'Dog','Poodle');
/*!40000 ALTER TABLE `Pet_types` ENABLE KEYS */;
UNLOCK TABLES;

--
-- Table structure for table `pets`
--

DROP TABLE IF EXISTS `pets`;
/*!40101 SET @saved_cs_client     = @@character_set_client */;
/*!50503 SET character_set_client = utf8mb4 */;
CREATE TABLE `pets` (
  `PetID` bigint DEFAULT NULL,
  `Pet_Type_id` int DEFAULT NULL,
  `Age_Months` int DEFAULT NULL,
  `Color` text,
  `Size` text,
  `Weight_KG` double DEFAULT NULL,
  `Vaccinated_id` int DEFAULT NULL,
  `Health_Condition_id` int DEFAULT NULL,
  `Time_In_Shelter_Days` int DEFAULT NULL,
  `Adoption_Fee` int DEFAULT NULL,
  `Previous_Owner_id` int DEFAULT NULL,
  `Adoption_Likelihood_Id` int DEFAULT NULL
) ENGINE=InnoDB DEFAULT CHARSET=utf8mb3;
/*!40101 SET character_set_client = @saved_cs_client */;

--
-- Dumping data for table `pets`
--

LOCK TABLES `pets` WRITE;
/*!40000 ALTER TABLE `pets` DISABLE KEYS */;
INSERT INTO `pets` VALUES (500,1,131,'Orange','Large',5.04,1,1,27,140,2,2),(501,2,73,'White','Large',16.09,2,1,8,235,2,2),(502,3,136,'Orange','Medium',2.08,2,1,85,385,2,2),(503,1,97,'White','Small',3.34,2,1,61,217,1,2),(504,2,123,'Gray','Large',20.5,2,1,28,14,1,2),(505,4,70,'Brown','Large',20.99,2,1,87,301,1,2),(506,1,169,'Brown','Small',10.9,1,1,70,440,1,2),(507,5,13,'Orange','Large',7.25,1,1,3,137,2,1),(508,1,49,'Brown','Medium',24.6,1,2,69,405,2,2),(509,1,60,'Gray','Large',7.3,2,1,73,231,1,2),(510,1,130,'Orange','Large',16.72,2,1,7,88,2,2),(511,2,5,'White','Small',29.08,1,1,60,462,2,1),(512,3,172,'Brown','Large',5.29,1,1,4,76,1,2),(513,5,27,'Black','Large',28.29,1,1,5,135,2,2),(514,6,160,'Brown','Medium',6.3,1,1,11,404,2,1),(515,2,149,'White','Small',17.46,1,1,15,468,1,2),(516,6,8,'Orange','Small',11.93,1,2,64,405,1,2),(517,6,50,'White','Medium',28.98,1,1,13,109,2,1),(518,2,67,'Black','Large',8.93,1,2,7,352,1,2),(519,4,44,'Gray','Small',12.59,2,2,6,300,2,2),(520,2,125,'Brown','Small',29.5,1,1,56,90,2,2),(521,6,58,'Orange','Large',16.56,2,1,64,423,1,2),(522,4,3,'Gray','Large',15.58,1,1,50,369,1,1),(523,3,86,'White','Small',8.48,1,1,30,405,2,2),(524,1,70,'Orange','Large',21.34,1,1,22,413,2,2),(525,1,130,'Gray','Small',1.42,1,1,25,189,2,2),(526,6,172,'Orange','Large',2.44,1,1,28,72,2,2),(527,2,2,'Black','Large',18.38,1,2,84,172,2,2),(528,2,102,'Black','Medium',10.91,2,1,39,34,2,2),(529,2,35,'Brown','Large',28.65,2,2,67,209,2,2),(530,1,98,'Brown','Medium',27.19,1,1,5,297,2,1),(531,6,30,'Black','Large',21.7,1,2,65,132,2,2),(532,1,116,'Orange','Small',24.73,1,1,15,282,1,2),(533,5,8,'Black','Small',20.35,1,1,67,197,2,1),(534,2,150,'Brown','Large',4.64,1,1,40,445,2,2),(535,1,44,'Black','Large',23.2,2,1,69,31,1,2),(536,2,36,'Black','Small',7.1,1,1,77,135,1,2),(537,2,77,'Orange','Large',10.38,2,1,43,247,2,2),(538,3,31,'Gray','Medium',24.76,1,1,1,358,2,1),(539,3,47,'Brown','Medium',16.56,2,1,22,340,1,2),(540,1,55,'Orange','Medium',25.94,1,1,62,145,2,1),(541,4,106,'Black','Medium',7.18,2,1,79,333,1,1),(542,1,158,'Black','Medium',18.63,1,1,26,142,2,1),(543,6,121,'Gray','Large',3.43,1,2,18,233,2,2),(544,7,55,'Brown','Large',19.65,1,1,48,409,2,2),(545,6,144,'Brown','Medium',23.11,1,1,9,436,1,1),(546,7,12,'White','Large',17.96,1,2,1,43,1,2),(547,7,145,'Brown','Large',8.72,1,1,9,31,2,2),(548,2,144,'Gray','Medium',1.91,1,1,23,230,2,1),(549,2,140,'White','Large',4.46,2,1,45,27,2,2),(550,1,136,'White','Large',19.05,1,1,2,422,2,2),(551,2,3,'Black','Large',28.1,2,1,14,490,1,2),(552,1,144,'Black','Medium',6.99,2,1,38,159,2,2),(553,2,30,'Brown','Large',22.32,1,1,40,332,1,2),(554,3,23,'White','Small',26.13,1,1,63,206,2,1),(555,1,92,'Black','Small',16.11,1,1,82,17,1,2),(556,5,115,'Gray','Medium',20.41,1,2,16,102,1,2),(557,2,104,'Black','Small',24.64,2,1,75,69,2,2),(558,6,118,'Black','Medium',8.56,2,2,6,118,2,2),(559,2,5,'White','Small',9.61,1,2,3,138,2,2),(560,6,104,'White','Small',1.02,1,1,14,159,2,2),(561,6,108,'Orange','Small',28.93,2,1,66,231,2,2),(562,6,65,'Gray','Medium',27.61,1,1,75,147,2,1),(563,5,121,'White','Medium',23.17,1,2,86,352,1,2),(564,1,30,'Brown','Large',3.29,1,1,67,423,2,2),(565,6,149,'Gray','Medium',13.98,1,2,31,391,1,2),(566,2,84,'Gray','Small',3.95,1,1,33,242,1,2),(567,6,150,'White','Small',1.46,1,1,88,34,1,2),(568,6,32,'Gray','Medium',18.87,2,1,1,324,2,2),(569,5,161,'White','Medium',28.86,1,1,44,381,2,1),(570,2,16,'Black','Medium',27.18,1,1,15,354,2,1),(571,1,38,'Orange','Large',21.21,2,1,37,238,2,2),(572,2,142,'Black','Small',3.8,1,1,27,333,2,2),(573,5,36,'White','Large',8.95,1,1,48,148,1,2),(574,2,151,'White','Large',10.28,1,2,27,110,2,2),(575,7,114,'Black','Small',23.13,2,2,12,407,2,2),(576,2,66,'Brown','Small',24.27,1,1,67,16,1,2),(577,4,105,'Brown','Medium',12.17,1,1,30,401,2,1),(578,5,85,'Brown','Medium',13.12,2,1,87,225,2,2),(579,7,2,'White','Large',2.29,1,1,66,139,1,1),(580,4,75,'Gray','Medium',9.38,1,1,7,143,2,1),(581,4,67,'White','Medium',14.09,1,1,34,259,2,1),(582,1,151,'Gray','Small',4.39,2,2,32,216,2,2),(583,4,154,'Black','Small',14.14,1,2,39,161,1,2),(584,3,55,'Orange','Medium',25.74,1,1,43,91,2,1),(585,4,6,'Gray','Small',17.86,1,1,43,173,2,1),(586,2,163,'Brown','Medium',3.29,1,1,78,330,2,1),(587,2,150,'White','Small',6.56,1,1,3,204,2,2),(588,2,171,'Black','Small',14.76,2,1,46,414,2,2),(589,1,143,'Brown','Small',11.48,1,1,32,152,2,2),(590,1,86,'Black','Small',11.4,1,1,43,102,2,2),(591,1,60,'Orange','Medium',16.35,1,2,81,201,2,2),(592,3,101,'White','Large',17.95,2,1,3,279,2,2),(593,1,12,'White','Small',24.11,1,2,74,64,2,2),(594,3,49,'Orange','Medium',10.89,1,2,63,116,2,2),(595,7,42,'White','Medium',24.36,1,2,40,152,2,2),(596,1,166,'Gray','Small',10.82,2,1,18,155,2,2),(597,5,82,'Black','Large',2.61,2,1,67,163,1,2),(598,2,173,'Brown','Small',17.07,2,1,62,81,1,2),(599,1,35,'Orange','Medium',18.05,1,1,10,5,2,1),(600,7,158,'Gray','Large',28.1,2,1,52,321,2,2),(601,3,158,'Brown','Medium',22.06,2,1,73,66,2,2),(602,1,134,'Brown','Small',27.62,2,1,46,237,2,2),(603,6,67,'Orange','Large',27.34,1,1,55,71,2,2),(604,3,80,'Gray','Medium',18.53,2,2,46,94,2,2),(605,2,7,'Brown','Medium',16.31,1,1,75,303,1,1),(606,2,14,'Brown','Medium',17.17,2,1,60,466,2,1),(607,5,73,'Gray','Small',29.37,1,1,26,497,2,2),(608,1,143,'White','Large',23.42,1,1,27,325,1,2),(609,3,149,'Brown','Small',4.08,1,1,38,77,2,2),(610,3,163,'Black','Small',23.57,1,1,22,66,2,2),(611,5,66,'Gray','Small',5.95,1,1,26,175,1,2),(612,4,91,'Brown','Large',13.97,1,1,86,320,1,1),(613,5,130,'Orange','Small',7.1,1,1,69,171,1,2),(614,1,163,'Black','Small',21,1,1,35,477,2,2),(615,5,20,'Brown','Small',26.44,1,1,66,254,2,1),(616,1,10,'Black','Small',9.42,1,1,73,62,1,1),(617,3,25,'Black','Medium',3.38,1,1,51,301,2,1),(618,1,25,'White','Small',9.66,1,2,18,402,1,2),(619,6,54,'Black','Medium',20.5,1,2,43,245,2,2),(620,2,33,'White','Small',10.53,2,1,12,191,2,2),(621,3,164,'Gray','Large',9.07,2,1,3,466,1,2),(622,1,95,'White','Medium',6.35,1,1,82,328,2,1),(623,2,14,'Orange','Medium',15.43,2,1,7,70,2,1),(624,1,65,'Brown','Medium',9,1,1,6,365,2,1),(625,4,110,'Gray','Medium',22.2,2,1,82,228,2,1),(626,2,80,'Gray','Large',3.22,1,1,45,433,2,2),(627,2,54,'Orange','Small',20.26,1,1,86,62,2,2),(628,5,125,'White','Medium',7.89,1,1,39,296,2,1),(629,1,131,'Brown','Large',15.19,1,1,51,244,1,2),(630,1,169,'White','Medium',9.3,2,1,9,6,2,2),(631,3,134,'Black','Small',21.96,2,1,23,392,1,2),(632,1,25,'White','Medium',28.41,1,1,12,259,2,1),(633,4,141,'Gray','Large',27.6,1,1,88,88,2,1),(634,2,117,'Brown','Small',17.92,1,1,62,176,2,2),(635,1,136,'White','Large',14.42,1,1,73,203,1,2),(636,1,149,'Brown','Small',24.73,1,1,77,133,1,2),(637,1,25,'Brown','Small',20.82,1,1,40,81,1,2),(638,6,79,'Black','Small',6.32,1,1,54,487,2,2),(639,6,68,'Black','Medium',24.81,2,1,81,20,2,2),(640,7,173,'Gray','Large',13.44,1,1,7,398,1,2),(641,4,12,'Orange','Large',6.48,1,1,17,127,1,1),(642,6,32,'Brown','Large',9.17,2,2,50,194,1,2),(643,2,128,'Orange','Small',8.76,1,2,24,193,2,2),(644,2,96,'Gray','Medium',16.06,2,1,2,183,1,2),(645,2,92,'Brown','Small',7.8,1,2,83,246,2,2),(646,2,141,'Brown','Large',4.58,1,1,33,360,2,2),(647,6,31,'Orange','Medium',4.59,1,1,21,359,2,1),(648,1,78,'White','Medium',17.92,1,1,74,323,2,1),(649,2,20,'Black','Medium',22.31,1,2,53,159,1,1),(650,5,146,'White','Large',10.32,1,1,46,193,1,2),(651,2,60,'Orange','Medium',2,1,2,45,109,1,2),(652,3,134,'Black','Medium',4.69,1,1,9,412,2,1),(653,5,160,'White','Small',27.53,1,1,6,65,2,2),(654,4,93,'Black','Small',15.31,1,1,51,417,1,1),(655,1,43,'Brown','Medium',14.15,2,1,35,253,2,2),(656,5,130,'White','Medium',2.1,1,1,82,282,1,1),(657,2,60,'Black','Small',22.13,2,1,53,59,2,2),(658,4,151,'Black','Small',16.31,2,1,19,117,2,2),(659,1,31,'Black','Small',6.86,1,1,69,422,2,2),(660,1,5,'White','Large',4.19,2,1,25,43,1,2),(661,6,162,'Gray','Large',12.12,1,2,11,485,2,2),(662,1,10,'White','Small',25.28,1,1,74,209,2,1),(663,7,89,'Orange','Medium',26.09,1,1,17,35,1,1),(664,4,130,'White','Small',18.48,1,1,36,18,2,1),(665,1,126,'Black','Large',22.1,1,1,21,90,1,2),(666,6,11,'Brown','Medium',4.34,2,2,18,300,2,2),(667,2,178,'White','Large',18.06,1,2,60,211,2,2),(668,1,159,'White','Medium',20.34,1,1,18,404,1,1),(669,1,56,'Black','Large',6.82,1,1,1,406,2,2),(670,6,83,'Brown','Medium',26.52,1,2,14,221,2,2),(671,2,137,'Brown','Medium',6.65,1,2,8,216,2,2),(672,2,99,'Orange','Medium',10.09,1,2,66,222,2,2),(673,4,149,'White','Medium',19,1,2,51,410,2,1),(674,5,73,'Brown','Large',19.51,2,1,79,97,2,2),(675,6,156,'Brown','Large',21.28,1,1,60,455,1,2),(676,2,115,'Gray','Medium',4.25,1,1,34,18,1,1),(677,5,7,'Gray','Medium',25.63,2,1,36,296,2,1),(678,5,80,'Brown','Large',16.45,1,1,62,25,2,2),(679,4,144,'Orange','Medium',14.67,1,1,1,27,2,1),(680,4,97,'Brown','Medium',29.45,1,1,85,63,2,1),(681,1,4,'Black','Medium',22.47,2,1,42,323,2,1),(682,7,4,'White','Small',4.42,1,1,1,222,2,1),(683,6,103,'Orange','Medium',22.94,2,1,84,79,2,2),(684,5,40,'Black','Small',3.76,1,1,54,50,2,2),(685,4,17,'Orange','Medium',1.8,2,2,47,457,2,1),(686,3,101,'Black','Large',12.71,1,2,39,101,1,2),(687,6,103,'White','Small',29.81,1,1,30,175,1,2),(688,7,124,'White','Small',6.07,1,1,7,9,2,2),(689,2,52,'Gray','Medium',20.51,2,1,22,236,1,2),(690,6,52,'Black','Medium',6.03,1,1,50,456,2,1),(691,1,164,'Gray','Small',22.02,1,1,45,422,1,2),(692,2,124,'Black','Large',15.66,1,1,74,99,2,2),(693,1,166,'Gray','Large',20.72,1,2,72,498,1,2),(694,1,178,'White','Medium',6.88,1,1,10,377,2,1),(695,2,63,'Orange','Large',22.62,1,1,14,227,2,2),(696,1,116,'Gray','Large',29.87,2,1,46,402,2,2),(697,3,62,'Black','Medium',20.3,2,1,75,63,2,2),(698,6,7,'Black','Large',15.31,1,1,6,379,2,1),(699,7,155,'White','Medium',27.77,2,2,21,18,2,2),(700,6,92,'Black','Small',1.46,1,1,62,331,1,2),(701,1,14,'Brown','Medium',22.17,1,1,19,317,2,1),(702,1,86,'Orange','Small',26.77,1,1,88,140,2,2),(703,2,133,'Gray','Small',2.79,2,1,82,24,2,2),(704,2,130,'Orange','Large',14.05,2,1,62,227,1,2),(705,4,62,'White','Large',6.94,1,1,83,88,1,1),(706,2,149,'Gray','Large',17.43,1,1,53,91,1,2),(707,1,79,'Gray','Medium',19.84,1,1,24,41,2,1),(708,6,149,'Brown','Large',9.78,2,2,56,372,2,2),(709,3,138,'White','Small',14.34,2,1,62,294,2,2),(710,2,58,'Black','Large',9.1,2,1,34,413,2,2),(711,2,120,'Brown','Large',11.71,1,1,22,388,2,2),(712,1,167,'Brown','Medium',5.63,2,1,68,80,2,2),(713,2,133,'Orange','Medium',26.68,2,1,57,401,2,2),(714,1,65,'Orange','Small',1.29,2,1,10,106,2,2),(715,5,13,'Orange','Medium',26.59,1,1,66,110,2,1),(716,1,82,'Brown','Large',17.58,1,1,8,276,1,2),(717,1,173,'Black','Medium',10.62,1,1,38,213,2,1),(718,2,160,'Gray','Small',21.97,2,1,62,230,1,2),(719,2,164,'Orange','Large',15.72,1,1,28,305,2,2),(720,1,139,'Black','Small',15.47,1,1,10,120,2,2),(721,2,149,'White','Medium',4.19,2,2,45,133,2,2),(722,4,52,'Orange','Medium',12.3,2,1,65,305,1,1),(723,2,117,'Gray','Small',7.99,1,1,67,207,2,2),(724,2,26,'White','Large',1.46,2,1,9,449,1,2),(725,1,34,'White','Medium',11.44,2,1,5,370,2,2),(726,6,52,'Gray','Medium',3.6,1,1,10,256,2,1),(727,3,112,'Orange','Large',8.45,1,2,12,184,1,2),(728,2,82,'Brown','Medium',3.68,1,1,82,285,2,1),(729,4,157,'Gray','Small',3.93,1,2,58,441,1,2),(730,5,166,'Gray','Medium',6.77,1,1,21,362,2,1),(731,1,42,'Gray','Medium',30,1,1,21,179,2,1),(732,6,21,'White','Large',1.06,2,1,65,420,1,2),(733,1,42,'Black','Small',19.52,1,1,3,47,1,2),(734,1,141,'Brown','Large',5.1,2,1,69,86,2,2),(735,2,113,'Orange','Medium',27.7,1,2,89,384,1,2),(736,2,105,'Orange','Medium',3.72,1,1,64,18,2,1),(737,6,17,'Black','Large',28.7,1,2,49,45,1,2),(738,4,120,'Gray','Large',18.72,1,2,72,450,2,2),(739,5,137,'Brown','Large',1.04,1,2,17,385,2,2),(740,2,169,'Orange','Small',26.93,1,1,73,55,2,2),(741,6,129,'Orange','Medium',16.13,1,1,32,228,2,1),(742,4,130,'Gray','Large',8.62,1,1,70,144,2,1),(743,2,60,'Black','Medium',23.25,1,1,21,91,2,1),(744,1,48,'Brown','Small',27.87,1,1,7,81,2,2),(745,1,29,'Black','Small',15.03,1,1,7,224,1,2),(746,4,97,'Black','Small',10.15,1,1,27,78,2,1),(747,1,10,'Brown','Small',23.88,2,2,8,149,2,2),(748,1,58,'Brown','Medium',20.77,1,2,73,360,2,2),(749,2,21,'Orange','Small',26.77,1,1,28,282,1,1),(750,2,28,'Orange','Small',21.08,1,1,79,310,2,2),(751,1,34,'Brown','Large',8.06,1,1,66,484,2,2),(752,2,8,'White','Small',28.02,1,1,71,159,2,1),(753,2,177,'Orange','Large',4.04,2,1,47,315,2,2),(754,6,79,'White','Small',8.77,2,1,82,364,2,2),(755,3,145,'Brown','Small',16.09,1,1,86,466,2,2),(756,7,87,'Orange','Large',17.41,2,1,10,155,2,2),(757,2,88,'Black','Small',1.44,1,1,33,155,2,2),(758,2,173,'Brown','Medium',23.64,1,1,7,375,2,1),(759,5,69,'Gray','Medium',11.49,1,2,3,201,2,2),(760,2,160,'White','Small',12.79,1,1,14,467,2,2),(761,5,172,'Brown','Medium',24.47,2,1,44,408,1,2),(762,1,87,'Brown','Large',12,1,1,46,340,1,2),(763,4,101,'Orange','Small',2.37,1,1,61,461,2,1),(764,6,8,'Orange','Small',6.12,1,1,36,341,2,1),(765,6,77,'Orange','Large',28.72,2,1,13,116,2,2),(766,6,87,'Gray','Large',3.04,1,1,16,153,2,2),(767,1,43,'Orange','Large',11.29,2,1,80,363,2,2),(768,2,129,'Brown','Small',15.59,1,1,5,330,2,2),(769,4,109,'Orange','Large',15.31,2,1,89,118,1,2),(770,2,179,'Black','Large',1.11,2,1,38,198,1,2),(771,4,152,'Orange','Medium',15.53,2,1,50,400,2,1),(772,5,152,'Gray','Medium',12.13,1,1,38,465,2,1),(773,2,17,'Black','Small',29.19,1,2,56,262,1,2),(774,2,133,'Brown','Medium',5.62,1,2,63,183,1,2),(775,2,148,'Brown','Medium',11.27,1,1,48,447,1,1),(776,2,21,'White','Large',13.16,1,2,59,147,2,2),(777,2,58,'Black','Large',12.33,1,1,77,165,2,2),(778,1,159,'White','Medium',20.31,1,2,44,74,2,2),(779,1,110,'Black','Medium',7.25,2,1,55,235,2,2),(780,4,139,'Black','Medium',7.41,1,1,55,313,2,1),(781,2,143,'Gray','Small',22.15,1,2,1,271,2,2),(782,2,135,'White','Small',15.51,1,1,8,178,1,2),(783,1,28,'Gray','Small',13.04,1,1,4,282,1,2),(784,1,51,'Black','Medium',5.91,2,1,85,50,2,2),(785,5,5,'Brown','Medium',6.44,2,1,86,74,1,1),(786,6,5,'Black','Small',1.31,1,1,53,143,2,1),(787,6,94,'Gray','Small',3.65,2,1,58,342,1,2),(788,5,96,'White','Medium',17.15,2,2,37,187,2,2),(789,1,8,'White','Large',26.86,2,1,49,122,2,2),(790,6,64,'Gray','Small',9.33,1,2,67,331,2,2),(791,1,138,'White','Medium',10.5,2,2,19,250,2,2),(792,1,38,'Orange','Medium',4.35,1,1,1,295,2,1),(793,5,111,'Brown','Large',12.27,1,1,29,322,2,2),(794,5,112,'Brown','Medium',2.08,1,2,87,129,1,2),(795,2,81,'Brown','Medium',27.61,2,1,33,251,2,2),(796,1,136,'White','Small',20.52,1,1,52,357,2,2),(797,2,104,'White','Small',29.73,1,1,41,431,2,2),(798,4,153,'Black','Large',26.6,1,1,23,179,2,1),(799,2,73,'Black','Large',14.72,1,1,5,407,2,2),(800,3,178,'Brown','Medium',16.07,1,1,71,348,1,1),(801,2,49,'Orange','Small',6.53,2,1,57,494,2,2),(802,1,36,'Black','Large',14.4,1,1,6,109,2,2),(803,2,126,'Black','Large',27.19,1,2,49,481,1,2),(804,4,68,'White','Large',2.47,2,1,22,467,2,2),(805,2,78,'Orange','Medium',26.04,1,2,77,337,2,2),(806,2,105,'Brown','Small',10.89,1,1,76,77,1,2),(807,5,169,'Black','Large',27.09,2,1,4,465,2,2),(808,5,122,'Orange','Small',28.29,2,1,72,1,2,2),(809,5,119,'Orange','Large',20.46,2,2,64,320,1,2),(810,2,114,'Brown','Large',20.27,1,1,37,275,2,2),(811,4,10,'Orange','Small',14.13,2,1,31,289,2,1),(812,2,149,'Orange','Small',25.23,2,2,37,296,1,2),(813,4,164,'Orange','Small',28.89,2,1,45,168,2,2),(814,5,140,'Black','Medium',23.48,1,1,8,239,2,1),(815,1,91,'Brown','Large',19.04,1,1,40,458,1,2),(816,1,2,'Orange','Medium',18.6,1,2,5,474,1,1),(817,2,118,'Orange','Small',25.63,2,1,28,22,2,2),(818,3,13,'Black','Large',16.69,1,1,81,293,2,1),(819,4,160,'Brown','Medium',24.31,1,2,87,171,1,1),(820,2,95,'White','Large',15.76,1,1,9,322,1,2),(821,1,144,'Black','Medium',2.81,1,1,2,317,2,1),(822,3,32,'Brown','Small',12.13,1,1,63,395,2,2),(823,2,32,'Orange','Medium',13.89,1,1,51,285,2,1),(824,5,124,'Brown','Large',5.11,2,1,31,478,1,2),(825,5,11,'Brown','Large',3.97,1,2,7,342,1,2),(826,6,10,'Brown','Large',16.53,1,1,30,192,1,1),(827,1,15,'White','Large',3.47,1,1,58,168,1,1),(828,2,17,'Brown','Small',9.79,1,1,3,403,2,1),(829,6,168,'White','Medium',22.59,1,1,51,117,2,1),(830,6,146,'Orange','Small',28.97,2,1,56,5,1,2),(831,1,153,'White','Small',21.82,2,1,73,330,1,2),(832,5,59,'Orange','Small',29.79,1,1,10,482,2,2),(833,5,78,'Orange','Large',21.25,1,1,61,131,2,2),(834,1,124,'White','Large',9.52,2,1,50,92,1,2),(835,6,114,'Black','Large',20.49,2,1,47,250,2,2),(836,5,22,'Gray','Medium',21.36,1,2,1,9,2,1),(837,2,158,'Brown','Large',11.78,1,1,57,50,2,2),(838,4,172,'Gray','Medium',1.51,1,1,38,348,2,1),(839,1,32,'Brown','Large',21.39,1,2,62,293,2,2),(840,6,179,'Brown','Large',1.63,1,1,79,128,1,2),(841,1,174,'Orange','Small',19.3,1,1,89,487,2,2),(842,7,113,'Brown','Small',5.74,1,1,70,391,2,2),(843,1,120,'Brown','Small',17.4,1,1,82,248,2,2),(844,5,149,'White','Medium',15.61,1,1,65,101,1,1),(845,5,122,'Gray','Medium',1.39,1,2,62,336,1,2),(846,2,32,'White','Large',11.52,1,1,56,82,1,2),(847,7,119,'Brown','Medium',18.43,1,1,67,190,1,1),(848,1,39,'Orange','Large',25.61,2,1,17,416,2,2),(849,4,12,'White','Medium',26.77,2,2,8,142,2,1),(850,2,175,'White','Medium',15.03,2,1,60,236,2,2),(851,7,18,'Black','Medium',22.12,2,2,40,286,2,2),(852,2,149,'Brown','Small',10.18,2,1,81,276,1,2),(853,6,141,'Orange','Medium',10.92,1,1,89,386,2,1),(854,1,149,'White','Small',6.64,1,1,62,381,1,2),(855,1,126,'White','Small',17.3,1,1,41,449,2,2),(856,1,136,'Orange','Medium',10.12,2,1,12,290,2,2),(857,2,46,'Brown','Large',3.45,1,1,89,168,2,2),(858,6,104,'Black','Large',20.87,1,1,54,442,2,2),(859,2,135,'White','Large',21.52,1,1,89,143,2,2),(860,1,151,'Black','Medium',11.44,1,2,11,183,2,2),(861,1,86,'Gray','Large',3.22,2,2,60,44,2,2),(862,5,150,'Brown','Small',13.36,2,1,68,242,2,2),(863,7,89,'Gray','Large',13.83,1,1,78,314,2,2),(864,1,22,'Gray','Medium',20.39,2,1,46,433,2,1),(865,5,92,'Gray','Large',10.15,1,1,38,468,2,2),(866,6,29,'Brown','Small',20.8,1,2,61,267,2,2),(867,6,13,'Brown','Medium',26.27,2,1,17,475,2,1),(868,7,2,'Orange','Large',7.89,2,2,66,252,2,2),(869,5,29,'Black','Medium',29.39,1,2,72,395,2,2),(870,5,27,'Black','Medium',12.2,1,2,36,288,2,2),(871,2,50,'Orange','Medium',8.75,1,1,74,211,2,1),(872,4,95,'Orange','Large',13.22,2,1,7,487,2,2),(873,2,151,'Gray','Medium',3.74,2,1,16,176,2,2),(874,4,88,'Orange','Large',4.65,2,1,14,20,1,2),(875,1,44,'White','Small',13.02,2,1,80,315,2,2),(876,2,22,'Black','Large',23.11,1,1,25,51,2,1),(877,5,171,'Orange','Small',27.11,2,1,4,437,1,2),(878,2,165,'White','Large',20.28,1,1,29,422,2,2),(879,2,97,'White','Medium',4.05,1,1,56,232,1,1),(880,5,3,'White','Large',20.49,2,1,6,432,2,2),(881,1,118,'White','Medium',19.43,1,1,1,122,2,1),(882,1,19,'Gray','Small',24.37,1,1,39,361,1,1),(883,2,23,'White','Large',24.93,1,1,1,447,2,1),(884,2,157,'Gray','Medium',26.18,1,1,63,99,2,1),(885,2,30,'Gray','Small',13.01,1,1,57,213,2,2),(886,7,39,'White','Small',21.24,1,1,67,409,2,2),(887,2,108,'Black','Large',8.78,1,1,65,326,2,2),(888,6,111,'White','Small',29.98,1,1,65,134,2,2),(889,1,25,'White','Medium',6.08,1,1,21,455,1,1),(890,3,128,'White','Small',1.29,1,1,30,317,1,2),(891,1,111,'Black','Small',5.32,1,1,33,217,2,2),(892,2,136,'Brown','Medium',23.5,1,1,48,87,1,1),(893,5,106,'Brown','Small',13.96,1,2,22,279,2,2),(894,5,144,'Gray','Small',13.98,2,1,54,39,2,2),(895,5,72,'Gray','Small',28.7,1,2,4,239,1,2),(896,5,129,'Black','Small',27.67,1,1,87,331,1,2),(897,1,108,'Orange','Medium',10.02,1,1,55,430,1,1),(898,4,5,'Brown','Small',7.06,1,1,44,135,2,1),(899,7,3,'Gray','Medium',25.61,1,1,89,181,2,1),(900,5,132,'Brown','Small',27.27,1,1,12,264,1,2),(901,1,104,'Black','Small',16.71,2,1,81,258,2,2),(902,6,64,'Black','Small',19.25,1,1,79,181,2,2),(903,6,106,'Orange','Small',8.45,1,1,74,20,2,2),(904,2,98,'Orange','Medium',24.22,1,1,52,350,1,1),(905,4,10,'Black','Medium',19.33,1,2,76,431,2,1),(906,4,149,'Gray','Medium',15.6,1,1,65,430,2,1),(907,2,128,'Brown','Large',2.74,2,1,65,471,2,2),(908,3,46,'White','Small',27.56,2,1,10,195,2,2),(909,2,155,'Orange','Small',18.85,1,1,18,211,1,2),(910,1,66,'White','Medium',6.59,2,2,47,446,2,2),(911,7,169,'Gray','Large',18.59,1,1,66,15,2,2),(912,3,112,'Orange','Small',20.65,1,1,49,201,2,2),(913,1,13,'White','Medium',16.25,1,1,72,362,2,1),(914,2,137,'Gray','Small',21.82,2,1,22,217,2,2),(915,6,164,'Brown','Small',17.86,1,1,86,92,2,2),(916,1,86,'Gray','Medium',28.49,1,2,26,132,2,2),(917,7,90,'Orange','Medium',2.56,1,1,9,138,2,1),(918,4,58,'Black','Small',4.08,1,2,21,156,1,2),(919,6,54,'Brown','Small',6.04,2,2,63,492,1,2),(920,3,12,'White','Medium',21.01,1,1,6,334,2,1),(921,7,14,'Orange','Small',19.72,1,1,14,69,2,1),(922,6,121,'Black','Small',26.87,1,1,33,303,1,2),(923,2,162,'Gray','Medium',22.25,1,1,71,14,2,1),(924,7,121,'Black','Small',15.74,1,1,24,234,2,2),(925,6,20,'Orange','Small',29.76,2,2,73,211,1,2),(926,3,75,'Orange','Large',8.72,2,1,75,289,2,2),(927,2,144,'Black','Medium',25.16,1,1,87,59,2,1),(928,7,70,'Gray','Large',13.38,1,1,51,251,2,2),(929,5,56,'Black','Large',19.81,2,1,2,445,2,2),(930,1,101,'Orange','Large',22.09,1,2,15,1,1,2),(931,6,132,'Orange','Small',19.38,1,1,35,235,2,2),(932,5,111,'White','Small',5.07,1,1,36,335,2,2),(933,2,125,'White','Large',13.85,1,1,39,18,1,2),(934,6,132,'Brown','Large',17.28,1,2,4,481,1,2),(935,1,20,'Orange','Large',25.62,1,1,64,48,2,1),(936,6,138,'White','Small',13.87,1,2,74,77,2,2),(937,1,24,'Black','Large',27.64,1,1,6,471,2,2),(938,6,154,'Gray','Large',13.77,1,1,57,27,1,2),(939,4,37,'Black','Medium',16.91,2,1,30,47,2,1),(940,3,54,'Gray','Medium',24.09,2,1,74,95,2,2),(941,5,103,'White','Small',17.91,1,1,67,164,2,2),(942,2,149,'Brown','Medium',28.85,1,1,15,457,2,1),(943,2,38,'Black','Medium',20.15,1,1,17,432,2,1),(944,2,174,'Black','Medium',16.16,1,1,18,364,2,1),(945,1,4,'Black','Small',1.68,1,1,19,175,2,1),(946,2,57,'Gray','Medium',13,1,1,76,72,2,1),(947,2,173,'White','Small',9.68,1,1,88,471,2,2),(948,2,20,'Black','Large',22.7,1,1,69,355,2,1),(949,5,17,'Black','Medium',7.04,2,1,24,28,1,1),(950,2,119,'Brown','Small',6.95,1,1,48,443,1,2),(951,4,71,'Brown','Medium',6.5,1,1,30,156,2,1),(952,3,4,'White','Large',4.64,1,2,15,313,2,2),(953,1,14,'White','Small',10.02,1,1,47,303,2,1),(954,3,3,'Orange','Small',26.69,1,1,44,278,2,1),(955,4,80,'Brown','Small',23.47,1,2,27,282,2,2),(956,2,55,'Orange','Large',22.32,1,2,84,478,2,2),(957,5,132,'Gray','Large',24.12,2,1,64,490,1,2),(958,2,120,'Orange','Large',8.81,1,2,41,6,2,2),(959,4,24,'Black','Small',26.74,2,1,68,304,2,2),(960,2,162,'Orange','Large',4.98,1,1,5,181,2,2),(961,1,158,'White','Medium',10.75,2,1,53,108,1,2),(962,6,82,'Gray','Large',18.02,1,1,8,323,2,2),(963,3,147,'Black','Small',3.98,2,1,22,205,1,2),(964,5,159,'Orange','Medium',22.17,2,2,7,233,2,2),(965,1,60,'Gray','Large',12.23,1,2,22,425,1,2),(966,7,147,'Gray','Medium',23.75,1,1,46,457,1,1),(967,2,49,'Black','Medium',15.29,2,1,30,186,1,2),(968,7,63,'Orange','Small',6.25,1,1,16,427,2,2),(969,6,110,'Gray','Medium',22.31,1,1,79,481,2,1),(970,6,150,'Gray','Medium',8.31,1,1,5,409,2,1),(971,1,152,'Brown','Small',15.23,2,1,67,406,1,2),(972,3,109,'Gray','Small',3.19,1,2,23,328,2,2),(973,2,76,'Brown','Small',18.92,2,1,61,356,2,2),(974,5,30,'Orange','Medium',20.31,1,1,74,7,2,1),(975,5,58,'Orange','Medium',11.98,2,1,5,52,2,2),(976,1,117,'Orange','Medium',28.68,1,1,23,397,2,1),(977,4,159,'White','Small',26.35,2,2,79,198,2,2),(978,4,100,'Orange','Large',21.53,1,1,82,390,2,1),(979,7,19,'Gray','Medium',21.7,1,1,25,136,2,1),(980,4,176,'Black','Large',8.32,2,1,8,258,1,2),(981,2,173,'Brown','Small',20.05,2,1,21,333,1,2),(982,2,94,'White','Medium',6.75,1,1,2,400,1,1),(983,1,113,'Orange','Large',5.18,1,1,22,497,2,2),(984,3,146,'Orange','Medium',29.98,1,1,72,171,1,1),(985,2,63,'Black','Medium',19.05,1,1,87,85,2,1),(986,2,116,'Black','Medium',13.5,1,1,72,45,2,1),(987,5,113,'White','Large',9.36,1,1,68,345,2,2),(988,1,47,'Brown','Small',18.51,2,1,64,185,2,2),(989,2,57,'Orange','Medium',2.44,1,1,19,155,2,1),(990,2,118,'White','Small',3.75,2,2,87,492,1,2),(991,1,45,'Gray','Small',1.95,1,1,82,397,2,2),(992,6,161,'Gray','Large',15.48,1,1,53,8,2,2),(993,4,145,'White','Large',18.42,1,1,87,114,2,1),(994,1,4,'Orange','Small',2.81,1,1,52,153,2,1),(995,3,148,'White','Medium',21.92,1,1,47,129,2,1),(996,3,47,'Orange','Large',7.68,1,2,82,330,2,2),(997,7,143,'Black','Medium',20.87,2,1,54,80,1,2),(998,4,47,'White','Medium',29.48,1,1,44,383,2,1),(999,6,78,'Orange','Medium',21.04,1,1,7,289,2,1),(1000,2,124,'White','Small',26.61,1,2,1,146,1,2),(1001,7,75,'White','Medium',28.5,2,1,63,294,1,2),(1002,3,103,'Orange','Small',15.12,2,1,39,465,1,2),(1003,1,137,'Orange','Small',21.37,2,2,19,268,2,2),(1004,4,90,'Brown','Medium',25.71,2,1,31,132,2,1),(1005,3,144,'White','Medium',11.34,1,1,77,49,2,1),(1006,2,69,'Gray','Medium',8.58,1,1,24,22,1,1),(1007,3,61,'White','Medium',28.45,1,1,69,377,1,1),(1008,2,138,'White','Small',22.06,1,1,87,375,2,2),(1009,5,50,'Orange','Medium',7.37,1,1,83,87,2,1),(1010,2,3,'White','Medium',14.02,2,1,65,412,1,1),(1011,2,107,'White','Small',24.1,1,2,33,111,2,2),(1012,1,113,'Gray','Large',16.86,1,2,59,110,2,2),(1013,5,94,'Orange','Large',19.85,2,1,33,71,2,2),(1014,2,118,'White','Small',22.86,1,1,32,153,2,2),(1015,4,81,'Black','Large',19.04,1,1,59,462,1,1),(1016,1,109,'Brown','Small',16.66,2,1,41,56,2,2),(1017,2,51,'Gray','Medium',22.74,2,1,12,256,2,2),(1018,3,147,'White','Medium',22.1,1,1,73,155,2,1),(1019,4,170,'Black','Large',19.27,2,1,11,112,2,2),(1020,1,35,'White','Medium',11.43,1,1,19,317,2,1),(1021,2,46,'White','Large',12.77,2,1,54,46,2,2),(1022,3,154,'Orange','Large',29.14,1,1,57,237,2,2),(1023,4,69,'Orange','Medium',4.26,1,1,42,333,2,1),(1024,6,93,'Orange','Medium',8.79,1,1,71,105,1,1),(1025,1,64,'Black','Large',15.28,1,1,31,481,2,2),(1026,5,165,'White','Medium',25.27,2,1,52,186,2,2),(1027,5,49,'Brown','Small',5.75,1,1,2,158,1,2),(1028,1,149,'Gray','Medium',9.03,1,1,83,197,2,1),(1029,1,74,'Orange','Medium',2.91,2,1,38,381,1,2),(1030,3,5,'Orange','Small',21.47,2,1,32,176,2,2),(1031,1,100,'White','Medium',7.91,1,2,10,260,1,2),(1032,5,70,'White','Medium',12.27,1,1,8,286,1,1),(1033,2,90,'Black','Large',13.87,1,1,75,292,2,2),(1034,7,4,'Black','Medium',26.85,1,1,20,334,1,1),(1035,6,126,'Orange','Medium',12.93,1,2,20,142,1,2),(1036,4,39,'White','Small',5.21,1,1,9,307,2,1),(1037,5,163,'Brown','Large',16.21,1,1,72,490,2,2),(1038,5,129,'Gray','Large',28.93,2,1,15,196,2,2),(1039,2,24,'White','Large',18.62,1,1,88,475,1,2),(1040,5,57,'White','Medium',29.52,1,1,63,224,2,1),(1041,5,100,'Black','Large',25.39,1,1,21,394,2,2),(1042,6,70,'Gray','Small',2.04,1,2,5,42,2,2),(1043,4,41,'Orange','Large',20.09,1,1,35,453,2,1),(1044,7,174,'White','Small',9.32,1,2,85,150,2,2),(1045,1,60,'Orange','Large',17.23,2,1,68,295,2,2),(1046,2,108,'White','Large',9.1,2,2,48,62,1,2),(1047,2,57,'Orange','Small',11.12,1,1,80,129,2,2),(1048,4,31,'Gray','Large',27.77,1,1,62,254,2,1),(1049,6,84,'Black','Large',6.99,2,2,35,462,2,2),(1050,3,152,'Gray','Large',26.35,1,2,70,342,2,2),(1051,1,36,'Brown','Medium',1.88,2,1,21,213,2,2),(1052,4,158,'Black','Small',3.64,1,1,80,72,2,1),(1053,2,152,'Gray','Large',25.79,1,2,39,430,2,2),(1054,2,108,'Brown','Small',19.29,1,1,34,103,2,2),(1055,6,106,'White','Small',22.67,2,1,15,157,2,2),(1056,1,158,'White','Small',7.07,1,2,6,271,2,2),(1057,1,86,'Orange','Large',16.58,1,1,66,314,1,2),(1058,7,135,'Black','Large',22.38,1,1,88,237,2,2),(1059,1,163,'White','Small',19.19,1,1,56,302,1,2),(1060,1,14,'Black','Medium',14.68,1,1,49,371,1,1),(1061,6,120,'White','Small',28.83,1,1,1,157,2,2),(1062,1,138,'Orange','Medium',20.61,2,2,65,108,1,2),(1063,1,80,'Gray','Small',27.32,1,1,28,8,2,2),(1064,5,144,'Orange','Small',22.16,1,2,20,320,2,2),(1065,4,106,'Brown','Small',22.33,1,2,48,58,2,2),(1066,6,70,'White','Large',3.32,2,1,72,357,1,2),(1067,6,44,'Brown','Medium',11.42,2,1,65,191,2,2),(1068,2,73,'Brown','Medium',25.89,2,1,51,135,1,2),(1069,2,45,'Black','Small',7.75,1,1,43,250,2,2),(1070,2,107,'White','Large',4.35,1,1,49,378,1,2),(1071,3,84,'Brown','Large',10.46,1,1,25,435,2,2),(1072,3,82,'Gray','Medium',7.39,1,1,74,145,2,1),(1073,3,107,'Brown','Large',27.83,2,1,76,346,2,2),(1074,7,21,'Gray','Medium',26.17,1,1,41,465,2,1),(1075,3,178,'Black','Medium',15.49,1,1,71,351,2,1),(1076,2,161,'Brown','Medium',2.78,1,1,64,57,1,1),(1077,4,7,'Orange','Large',21.72,1,1,61,176,2,1),(1078,2,70,'Black','Medium',19.08,1,1,12,287,1,1),(1079,7,127,'Gray','Medium',29.15,1,1,81,244,2,1),(1080,7,143,'Black','Small',17.21,2,1,69,47,1,2),(1081,6,160,'Brown','Medium',10.76,1,1,14,300,2,1),(1082,4,148,'White','Medium',16.05,1,1,34,437,2,1),(1083,3,143,'White','Small',29.4,1,1,48,355,1,2),(1084,7,176,'Gray','Small',21.19,2,1,61,99,2,2),(1085,3,149,'Gray','Large',20.49,2,1,81,212,2,2),(1086,2,170,'White','Medium',7.98,1,1,35,301,2,1),(1087,3,154,'Gray','Large',22.56,1,2,65,479,2,2),(1088,1,120,'Black','Large',22.76,1,1,59,414,2,2),(1089,2,128,'Orange','Small',10.2,2,2,36,164,1,2),(1090,7,142,'Orange','Large',15.03,2,1,79,399,2,2),(1091,1,57,'Black','Medium',9.54,1,1,19,429,2,1),(1092,4,165,'Orange','Small',8.5,1,1,42,125,2,1),(1093,5,58,'Brown','Medium',1.75,1,1,69,301,2,1),(1094,1,21,'Black','Medium',9.27,1,1,19,461,2,1),(1095,4,82,'Gray','Small',17.07,1,1,39,120,1,1),(1096,6,69,'Black','Medium',1.05,2,1,69,87,1,2),(1097,1,131,'White','Small',9.21,2,1,52,216,2,2),(1098,2,87,'Gray','Medium',26.56,1,1,12,60,1,1),(1099,1,165,'White','Small',18.22,1,1,83,301,2,2),(1100,3,49,'Gray','Large',18.63,2,1,47,178,1,2),(1101,2,147,'Orange','Medium',12.7,1,1,76,189,2,1),(1102,6,115,'Black','Small',20.62,1,2,36,162,2,2),(1103,2,89,'Brown','Medium',6.51,2,1,63,80,2,2),(1104,2,85,'Gray','Medium',24.74,2,1,76,493,2,2),(1105,6,128,'Gray','Medium',4.38,2,1,82,169,2,2),(1106,2,140,'White','Small',20.02,1,2,51,300,2,2),(1107,2,169,'Orange','Large',10.89,2,1,43,373,2,2),(1108,7,161,'White','Large',22.68,1,1,34,195,2,2),(1109,2,178,'White','Large',16.94,1,1,49,202,2,2),(1110,2,117,'Orange','Small',14.12,2,1,18,46,2,2),(1111,6,127,'Brown','Large',5.91,2,1,61,462,2,2),(1112,6,71,'White','Small',19.47,2,1,57,157,2,2),(1113,6,86,'White','Medium',29.27,1,2,5,407,2,2),(1114,2,33,'Gray','Medium',24.94,2,1,89,193,1,2),(1115,4,81,'Orange','Large',2.74,2,1,24,426,1,2),(1116,2,152,'Black','Small',11.91,1,1,64,417,2,2),(1117,2,61,'Brown','Medium',27.84,2,1,59,278,2,2),(1118,1,61,'Brown','Small',15.59,1,1,38,316,2,2),(1119,5,98,'Orange','Small',20.2,1,1,33,478,1,2),(1120,4,28,'Gray','Medium',27.47,1,1,10,420,2,1),(1121,4,43,'Gray','Small',26.34,1,1,37,268,2,1),(1122,2,169,'Orange','Medium',15.55,2,1,87,480,2,2),(1123,4,167,'Gray','Medium',13.69,1,1,11,198,2,1),(1124,7,86,'Brown','Medium',10.85,1,1,24,223,2,1),(1125,1,177,'Brown','Small',21.85,1,1,88,262,2,2),(1126,7,17,'Black','Medium',9.32,2,2,71,425,2,2),(1127,5,98,'Orange','Small',8.25,1,1,21,165,2,2),(1128,2,98,'White','Medium',11.33,2,1,20,179,2,2),(1129,3,65,'White','Medium',6.14,1,2,10,427,2,2),(1130,7,74,'Black','Large',21.16,1,1,89,191,2,2),(1131,6,85,'Black','Large',18.87,2,2,47,396,1,2),(1132,6,5,'Gray','Large',15,1,1,47,215,2,1),(1133,1,2,'Black','Small',12.32,1,1,15,283,2,1),(1134,4,22,'Black','Small',27.36,1,1,44,351,2,1),(1135,1,112,'White','Medium',1.84,1,2,62,106,2,2),(1136,2,57,'Gray','Medium',23.3,1,1,6,465,2,1),(1137,7,66,'Black','Medium',27.16,1,2,66,97,2,2),(1138,7,74,'Black','Medium',13.94,2,1,76,367,2,2),(1139,2,98,'Gray','Small',16.97,1,2,4,481,2,2),(1140,1,144,'Orange','Medium',28.39,2,1,23,498,2,2),(1141,3,112,'Gray','Medium',7.16,1,1,13,229,2,1),(1142,7,179,'White','Large',16.08,1,2,81,256,2,2),(1143,1,125,'Orange','Medium',14.77,1,2,31,42,2,2),(1144,7,167,'Brown','Medium',8.49,1,1,16,241,2,1),(1145,1,86,'Gray','Medium',24.74,1,1,41,41,2,1),(1146,1,76,'White','Small',27.09,1,1,1,94,2,2),(1147,4,88,'Orange','Large',23.68,1,1,12,433,2,1),(1148,7,168,'Gray','Medium',6.67,1,1,56,253,2,1),(1149,3,38,'Black','Medium',3.52,1,1,50,187,1,1),(1150,1,59,'Gray','Large',18.56,1,1,20,384,1,2),(1151,4,138,'Brown','Medium',2.66,2,1,66,306,2,1),(1152,2,99,'Gray','Small',20.51,1,1,36,399,2,2),(1153,1,63,'Orange','Medium',16.38,1,1,79,166,2,1),(1154,6,49,'Orange','Small',20.22,1,1,38,270,2,2),(1155,4,32,'Gray','Small',18.11,1,1,22,124,1,1),(1156,1,135,'Orange','Medium',13.26,1,1,61,160,1,1),(1157,7,21,'Black','Large',6.83,1,1,50,86,1,1),(1158,1,20,'Gray','Small',9.87,1,1,59,308,2,1),(1159,3,154,'Black','Large',16.21,2,2,20,488,2,2),(1160,4,127,'Black','Medium',19.9,1,1,36,225,1,1),(1161,7,68,'White','Small',23.61,1,2,15,144,2,2),(1162,5,110,'Gray','Medium',23.25,2,1,62,344,1,2),(1163,4,116,'Orange','Large',29.21,1,1,3,247,2,1),(1164,5,143,'Black','Medium',9.29,1,1,5,361,2,1),(1165,5,120,'White','Medium',3.06,1,1,56,5,2,1),(1166,1,79,'Gray','Small',11.02,1,1,31,30,2,2),(1167,4,116,'Gray','Medium',22.56,1,1,86,196,2,1),(1168,2,92,'Brown','Medium',13.71,1,1,35,231,2,1),(1169,5,14,'Brown','Medium',24.72,1,1,71,295,2,1),(1170,7,155,'Black','Small',16.93,1,1,70,413,2,2),(1171,2,125,'Brown','Large',27.96,1,1,26,324,2,2),(1172,1,168,'Black','Large',28.49,1,1,1,459,2,2),(1173,2,58,'Orange','Medium',3.01,1,2,83,134,1,2),(1174,1,28,'Black','Small',14.24,1,1,7,492,2,2),(1175,6,26,'Brown','Medium',18.68,1,1,36,12,2,1),(1176,6,113,'Orange','Large',8.42,1,1,76,496,1,2),(1177,5,66,'Brown','Small',12.81,1,2,84,3,1,2),(1178,1,153,'Black','Large',20.65,1,1,87,177,2,2),(1179,6,131,'White','Large',7.58,1,1,25,233,1,2),(1180,7,44,'Gray','Small',18.46,1,1,59,258,2,2),(1181,2,97,'Brown','Small',21.23,1,1,61,139,2,2),(1182,7,42,'Black','Medium',3.62,1,1,29,64,2,1),(1183,5,6,'Orange','Medium',15.43,1,1,18,282,2,1),(1184,4,167,'Brown','Large',8.63,1,2,41,362,1,2),(1185,2,23,'Brown','Small',22.01,2,1,19,305,1,2),(1186,1,89,'Gray','Small',6.5,1,1,4,204,1,2),(1187,1,123,'Black','Medium',26.87,1,1,65,16,1,1),(1188,1,178,'White','Large',13.5,1,1,41,199,2,2),(1189,1,171,'Orange','Large',6.74,1,1,15,31,2,2),(1190,4,147,'Black','Medium',13.7,1,1,54,211,1,1),(1191,6,51,'Orange','Small',12.85,1,1,64,434,1,2),(1192,1,11,'Brown','Medium',13.44,1,1,72,272,1,1),(1193,1,12,'Gray','Medium',17.98,2,1,15,289,1,1),(1194,1,74,'Gray','Medium',16.11,1,1,79,290,2,1),(1195,6,8,'White','Medium',5.34,1,1,50,482,1,1),(1196,2,152,'Gray','Small',2.9,1,1,22,485,1,2),(1197,6,41,'Brown','Medium',22.15,2,1,18,233,1,2),(1198,6,164,'White','Small',17.23,2,1,80,407,2,2),(1199,6,85,'Black','Medium',11.41,1,1,2,181,2,1),(1200,1,72,'Gray','Large',24.44,2,1,36,145,2,2),(1201,1,55,'White','Small',12.25,2,1,20,49,2,2),(1202,1,137,'Brown','Large',24.08,2,1,16,429,2,2),(1203,1,47,'Orange','Medium',9.87,1,2,67,431,2,2),(1204,6,143,'Orange','Medium',3.11,1,1,30,102,2,1),(1205,7,176,'Brown','Medium',28.05,2,1,55,32,2,2),(1206,3,104,'Brown','Small',12.44,2,1,66,496,2,2),(1207,2,42,'Orange','Large',23.99,1,1,26,470,2,2),(1208,5,60,'White','Small',9.1,1,2,57,88,2,2),(1209,5,12,'Orange','Small',19.74,2,1,69,484,2,2),(1210,4,130,'Brown','Medium',26.33,1,1,2,410,2,1),(1211,7,7,'Gray','Large',2.21,1,1,56,384,2,1),(1212,2,80,'Black','Medium',25.09,1,2,84,340,2,2),(1213,7,131,'Gray','Small',17.57,1,1,62,314,2,2),(1214,4,109,'Gray','Medium',18.62,1,2,34,240,1,1),(1215,6,3,'Brown','Large',16.17,1,1,56,265,2,1),(1216,7,27,'Orange','Medium',26.36,1,1,55,222,2,1),(1217,7,114,'White','Large',2.26,1,1,20,235,1,2),(1218,1,107,'Gray','Large',8.57,1,2,50,152,2,2),(1219,1,40,'Orange','Medium',26.4,1,2,25,467,1,2),(1220,2,161,'White','Small',22.82,1,1,84,56,1,2),(1221,1,129,'Gray','Medium',1.51,1,1,25,321,2,1),(1222,1,8,'White','Small',15.99,2,1,53,374,2,2),(1223,1,101,'Orange','Small',16.36,1,1,14,111,2,2),(1224,3,160,'Black','Medium',12.63,2,1,60,14,2,2),(1225,1,124,'Orange','Small',9.62,2,1,43,411,2,2),(1226,2,176,'Brown','Small',20.77,2,1,62,268,2,2),(1227,1,107,'White','Medium',7.03,1,1,76,113,1,1),(1228,1,101,'Black','Medium',24.17,2,1,69,251,2,2),(1229,6,4,'White','Medium',24.29,1,1,63,499,2,1),(1230,2,110,'White','Small',13.04,1,2,2,373,2,2),(1231,2,19,'Gray','Large',9.22,1,1,54,141,2,1),(1232,2,32,'Brown','Small',9.23,1,1,16,113,2,2),(1233,2,137,'White','Large',14.99,1,1,55,449,2,2),(1234,2,12,'Orange','Medium',21.87,1,1,43,289,2,1),(1235,3,139,'Orange','Large',11.41,1,1,61,482,1,2),(1236,2,46,'Gray','Medium',18.69,1,1,38,356,2,1),(1237,1,119,'Brown','Medium',12.09,1,1,45,24,2,1),(1238,1,16,'Brown','Large',9.83,1,2,51,367,2,2),(1239,7,129,'Orange','Medium',1.72,1,1,42,309,2,1),(1240,7,63,'Black','Large',1.11,2,1,24,254,2,2),(1241,1,109,'Gray','Medium',7.59,1,2,30,462,1,2),(1242,1,119,'Gray','Small',12.79,1,1,37,267,1,2),(1243,4,21,'Orange','Small',25.69,1,1,53,125,2,1),(1244,6,158,'Orange','Medium',24.16,1,2,63,392,2,2),(1245,5,13,'Black','Medium',8.75,1,1,11,249,2,1),(1246,5,162,'Black','Large',8.09,1,1,78,286,2,2),(1247,5,4,'Brown','Small',7.59,2,2,23,333,2,2),(1248,4,156,'Gray','Large',10.84,2,1,80,476,2,2),(1249,2,102,'Gray','Medium',15.45,2,2,50,52,2,2),(1250,6,59,'Orange','Medium',13.72,1,1,85,367,2,1),(1251,5,128,'Brown','Large',7.33,1,1,55,42,1,2),(1252,6,27,'Gray','Medium',4.78,1,1,55,165,1,1),(1253,3,69,'Brown','Small',1.36,1,2,4,41,2,2),(1254,7,25,'Brown','Large',5.46,1,1,54,379,2,2),(1255,3,131,'Orange','Small',21.46,1,1,61,455,1,2),(1256,7,97,'Brown','Small',8.07,1,1,78,175,2,2),(1257,1,25,'Black','Small',14.59,1,1,83,66,1,2),(1258,2,148,'Black','Large',18.15,1,1,5,65,2,2),(1259,5,162,'White','Medium',26.72,2,2,18,399,2,2),(1260,1,154,'Orange','Small',26.78,1,1,44,82,2,2),(1261,2,126,'White','Small',22.63,1,1,31,349,1,2),(1262,4,133,'Black','Small',2.02,2,1,21,104,2,2),(1263,6,9,'White','Medium',17.68,1,1,47,399,2,1),(1264,4,116,'Orange','Medium',23.81,1,1,30,286,2,1),(1265,1,178,'Orange','Large',1.5,1,1,55,373,1,2),(1266,3,134,'Brown','Medium',16.94,2,1,68,185,1,2),(1267,1,60,'Gray','Large',25.88,1,1,69,283,1,2),(1268,1,172,'Brown','Large',14.75,1,1,41,3,1,2),(1269,2,121,'Orange','Large',1.12,2,1,45,137,2,2),(1270,6,139,'Black','Large',1.32,1,1,74,178,2,2),(1271,6,175,'Black','Large',13.08,2,2,80,236,2,2),(1272,1,108,'Brown','Small',5.5,2,1,30,17,2,2),(1273,6,108,'Orange','Medium',20.27,2,1,77,302,1,2),(1274,5,131,'Black','Small',21.56,2,1,85,415,1,2),(1275,6,76,'Orange','Large',6.16,1,1,45,413,2,2),(1276,1,30,'Black','Medium',26.77,2,1,45,419,2,2),(1277,2,21,'Orange','Small',13.82,1,1,79,8,1,1),(1278,1,156,'White','Small',5.14,1,1,84,419,2,2),(1279,1,161,'Orange','Large',23.16,1,1,84,28,2,2),(1280,1,163,'Orange','Small',23.91,1,1,45,143,2,2),(1281,1,34,'Brown','Small',19.54,1,1,55,347,2,2),(1282,1,41,'White','Small',25.75,1,1,59,148,2,2),(1283,5,51,'Gray','Small',22.38,2,1,5,63,2,2),(1284,1,175,'Brown','Small',26.58,1,1,32,366,2,2),(1285,2,82,'Gray','Large',13.58,1,2,6,449,1,2),(1286,7,58,'Black','Large',22.68,1,2,26,379,2,2),(1287,6,75,'Gray','Small',29.99,2,1,37,186,2,2),(1288,1,23,'Orange','Large',22.02,1,1,13,365,1,1),(1289,1,176,'Gray','Large',4.31,1,1,69,226,2,2),(1290,1,128,'Brown','Medium',16.03,1,1,25,117,2,1),(1291,2,150,'Brown','Small',18.03,1,1,13,411,1,2),(1292,3,17,'Gray','Large',6.05,2,2,88,438,2,2),(1293,7,69,'Brown','Large',28.92,1,1,20,355,1,2),(1294,1,108,'Brown','Small',6.09,2,2,72,253,2,2),(1295,4,139,'Gray','Medium',6.15,2,1,60,30,2,1),(1296,1,94,'White','Small',27.54,1,1,73,160,2,2),(1297,6,15,'White','Medium',14.49,2,1,21,214,2,1),(1298,6,91,'Black','Small',2.83,2,2,61,443,1,2),(1299,4,163,'Brown','Small',18.35,2,1,84,168,2,2),(1300,4,33,'Gray','Small',18.45,1,1,79,80,1,1),(1301,2,125,'Brown','Small',2.87,1,2,26,45,1,2),(1302,5,16,'Orange','Medium',29.2,1,1,54,48,2,1),(1303,4,162,'Brown','Medium',16.78,1,1,42,448,1,1),(1304,5,66,'Brown','Large',17.23,2,1,11,297,2,2),(1305,2,168,'White','Small',16.08,1,1,37,406,2,2),(1306,1,156,'Gray','Medium',18.71,1,1,11,367,1,1),(1307,6,47,'Brown','Medium',8.66,1,1,27,282,2,1),(1308,1,167,'White','Medium',9.33,2,1,83,472,2,2),(1309,2,148,'Black','Small',15.83,2,1,34,415,2,2),(1310,2,124,'White','Large',24.39,1,1,38,466,2,2),(1311,3,1,'White','Medium',2.45,1,1,61,87,2,1),(1312,5,87,'White','Small',18.5,1,2,87,120,2,2),(1313,7,128,'Brown','Medium',24.4,1,2,53,2,2,2),(1314,2,67,'Brown','Medium',5.55,2,1,65,315,2,2),(1315,6,4,'Black','Large',1.44,1,1,3,459,2,1),(1316,5,153,'Orange','Medium',10.07,1,1,67,226,2,1),(1317,2,47,'Orange','Medium',18.06,2,1,28,78,2,2),(1318,1,38,'Orange','Small',5.01,2,1,14,144,1,2),(1319,7,143,'Black','Small',13.36,2,1,52,241,2,2),(1320,4,21,'Orange','Large',17.02,2,1,30,31,2,1),(1321,4,57,'Orange','Small',18.37,1,1,58,262,2,1),(1322,5,117,'White','Small',8.96,1,1,54,210,2,2),(1323,6,46,'Brown','Large',12.6,1,1,69,70,2,2),(1324,1,142,'Brown','Medium',23.57,1,1,15,383,1,1),(1325,2,145,'White','Large',28.3,1,1,38,196,1,2),(1326,2,39,'White','Small',25.99,1,1,78,57,1,2),(1327,5,137,'White','Large',17.36,2,2,14,423,1,2),(1328,6,99,'Brown','Medium',12.9,1,1,57,468,2,1),(1329,5,77,'Orange','Large',10.66,1,1,59,111,2,2),(1330,2,115,'White','Small',4.62,2,1,8,47,1,2),(1331,1,134,'Black','Small',4.09,1,1,72,434,2,2),(1332,3,151,'White','Large',20.96,1,1,19,184,1,2),(1333,1,91,'Gray','Medium',8.53,1,1,32,366,1,1),(1334,1,98,'White','Large',8.39,2,1,29,326,1,2),(1335,1,120,'Brown','Medium',29.95,1,1,41,164,2,1),(1336,2,46,'White','Medium',6.45,1,1,75,214,1,1),(1337,3,38,'Gray','Large',5.29,2,1,45,330,2,2),(1338,6,142,'Black','Medium',3.86,2,1,13,329,2,2),(1339,2,100,'Orange','Small',17.81,1,2,27,120,2,2),(1340,2,72,'White','Large',19.21,2,1,19,212,1,2),(1341,1,35,'Gray','Medium',11.59,1,1,26,310,1,1),(1342,2,147,'Gray','Small',16.53,1,1,53,40,2,2),(1343,1,30,'Black','Large',23.86,2,1,51,352,2,2),(1344,6,78,'Brown','Small',24.73,2,1,37,403,2,2),(1345,7,84,'White','Small',28.78,1,1,9,288,1,2),(1346,2,113,'Gray','Small',24.9,2,1,52,167,2,2),(1347,5,25,'Black','Medium',17.38,2,1,54,482,2,2),(1348,5,168,'Orange','Large',6.21,1,2,3,33,2,2),(1349,5,88,'Gray','Large',3.89,1,1,69,317,2,2),(1350,1,14,'Black','Medium',2.58,1,1,8,483,2,1),(1351,2,154,'Brown','Large',20.33,2,1,14,474,2,2),(1352,5,102,'Brown','Small',24.42,1,1,3,274,1,2),(1353,4,150,'Gray','Large',15.75,1,1,24,426,1,1),(1354,6,176,'Gray','Medium',2.59,1,2,13,196,2,2),(1355,6,83,'White','Small',16.53,1,1,43,190,1,2),(1356,1,110,'Black','Medium',28.14,2,1,29,220,2,2),(1357,2,179,'Gray','Small',18.33,1,2,72,9,2,2),(1358,4,131,'White','Small',24.47,1,1,51,119,2,1),(1359,2,170,'White','Large',24.2,1,1,42,122,2,2),(1360,1,19,'Gray','Small',28.03,1,1,31,246,1,1),(1361,7,28,'Brown','Medium',23.34,1,1,63,359,2,1),(1362,6,173,'Black','Large',22.68,2,1,26,396,2,2),(1363,5,71,'Black','Medium',7.79,1,1,18,220,1,1),(1364,5,63,'Brown','Small',2.74,2,1,82,260,2,2),(1365,1,73,'Gray','Medium',16.01,1,1,57,57,1,1),(1366,2,124,'Black','Medium',4.61,1,1,7,314,1,1),(1367,3,119,'Gray','Small',28.9,1,1,48,459,2,2),(1368,1,121,'Gray','Large',9.41,2,1,80,127,1,2),(1369,7,19,'White','Medium',25.74,1,1,60,186,2,1),(1370,6,175,'Brown','Small',12.24,1,1,33,204,2,2),(1371,5,142,'Gray','Large',10.37,1,1,3,85,2,2),(1372,1,120,'Orange','Large',28.12,2,1,4,103,2,2),(1373,6,166,'Brown','Large',11.54,1,2,4,142,1,2),(1374,5,61,'Black','Medium',12.32,2,1,42,204,2,2),(1375,2,164,'White','Medium',4.08,2,1,9,128,2,2),(1376,6,168,'Black','Medium',20.44,2,2,51,245,1,2),(1377,3,30,'Black','Large',9.38,2,1,17,37,2,2),(1378,4,9,'Brown','Medium',17.98,1,1,17,362,2,1),(1379,4,64,'Black','Small',18.15,1,1,20,108,2,1),(1380,1,161,'Gray','Medium',21.86,1,1,14,308,1,1),(1381,1,120,'Black','Medium',22.61,2,1,22,51,2,2),(1382,2,52,'White','Large',15.92,1,1,52,0,2,2),(1383,5,89,'White','Medium',10.6,1,1,27,10,2,1),(1384,1,142,'Orange','Small',25.29,2,1,43,313,2,2),(1385,5,53,'White','Large',9.99,1,1,3,234,1,2),(1386,4,78,'Black','Small',15.72,1,1,88,127,2,1),(1387,6,41,'White','Large',12.64,1,1,8,423,2,2),(1388,2,68,'Brown','Large',25.8,1,1,86,213,2,2),(1389,6,8,'White','Medium',13.53,1,2,89,482,1,1),(1390,3,2,'Gray','Small',12.2,2,1,10,443,1,2),(1391,7,105,'Brown','Large',21,1,1,29,242,2,2),(1392,2,125,'Orange','Medium',18.47,2,1,40,43,2,2),(1393,1,110,'Gray','Large',4.11,1,2,65,5,2,2),(1394,1,86,'Black','Large',15.74,1,1,21,155,2,2),(1395,7,169,'Black','Large',22.33,1,1,24,414,2,2),(1396,2,120,'Black','Large',29.77,1,2,73,7,2,2),(1397,2,127,'Gray','Large',19.25,1,2,60,4,2,2),(1398,3,16,'Gray','Large',11.74,2,1,26,361,1,2),(1399,4,62,'Gray','Medium',7.56,1,1,9,181,2,1),(1400,6,113,'Brown','Large',26.31,1,1,20,111,1,2),(1401,5,176,'Brown','Small',24.62,1,2,56,491,2,2),(1402,4,158,'Black','Medium',7.78,1,1,36,272,1,1),(1403,3,12,'White','Small',6.82,2,2,36,421,2,2),(1404,1,35,'Black','Large',21.74,2,1,73,264,2,2),(1405,6,11,'Orange','Small',10.13,1,1,22,457,1,1),(1406,6,64,'Brown','Large',9.89,1,1,1,211,2,2),(1407,4,50,'Gray','Large',5.42,2,1,69,77,2,2),(1408,5,149,'Brown','Medium',8.66,1,1,73,269,2,1),(1409,6,69,'Gray','Medium',13.4,1,1,37,153,1,1),(1410,2,48,'Orange','Large',22.25,2,1,83,220,2,2),(1411,1,20,'Orange','Medium',10.75,1,1,72,368,1,1),(1412,2,101,'Brown','Small',10.53,1,1,13,445,2,2),(1413,6,172,'Gray','Medium',9.26,1,1,84,346,2,1),(1414,1,161,'Orange','Medium',14.87,1,1,43,24,2,1),(1415,7,137,'Black','Small',6.24,1,1,37,463,2,2),(1416,3,68,'Black','Medium',15.08,1,1,74,419,2,1),(1417,1,35,'Gray','Large',21.42,2,2,25,353,2,2),(1418,1,65,'Brown','Small',1.86,2,1,88,207,2,2),(1419,4,8,'Orange','Large',1.28,1,1,21,416,2,1),(1420,4,45,'Brown','Small',3.18,1,1,41,2,2,1),(1421,1,87,'Black','Large',16.53,2,1,73,214,1,2),(1422,1,175,'Orange','Large',25.78,1,1,42,394,1,2),(1423,6,168,'Brown','Medium',1.14,2,2,42,111,1,2),(1424,3,76,'White','Large',28.16,1,2,2,441,2,2),(1425,1,76,'Gray','Medium',4.08,2,1,68,191,1,2),(1426,1,174,'Gray','Small',25.42,1,1,8,401,2,2),(1427,6,47,'White','Large',15,1,1,61,46,2,2),(1428,1,15,'Black','Large',20.12,2,1,14,488,1,2),(1429,1,105,'Orange','Small',15.81,1,1,77,427,1,2),(1430,1,147,'Gray','Small',14.83,1,1,21,220,2,2),(1431,2,26,'White','Large',25.21,1,1,24,186,2,2),(1432,6,52,'White','Small',22.92,2,2,50,49,2,2),(1433,2,93,'Black','Medium',15.02,1,1,82,196,2,1),(1434,1,150,'Black','Small',4.24,2,1,45,215,1,2),(1435,1,21,'Brown','Small',4.35,1,1,64,412,2,1),(1436,4,51,'Gray','Large',24.24,1,2,64,220,1,2),(1437,2,38,'Brown','Medium',16.35,1,1,26,379,2,1),(1438,5,20,'White','Small',14.97,1,1,32,89,1,1),(1439,1,157,'Orange','Medium',20.74,2,1,57,231,1,2),(1440,2,179,'Orange','Medium',25.91,2,1,53,322,2,2),(1441,7,132,'Black','Medium',19.24,1,1,33,257,2,1),(1442,4,55,'Orange','Large',23.12,2,1,52,152,1,2),(1443,4,92,'Orange','Small',23.19,2,1,18,255,2,2),(1444,1,28,'Orange','Large',11.33,1,1,35,402,2,2),(1445,1,4,'White','Small',8.95,2,2,12,423,2,2),(1446,7,150,'Orange','Small',24.23,1,1,51,257,2,2),(1447,2,76,'Orange','Large',11.94,2,1,89,466,1,2),(1448,6,173,'Orange','Medium',27.2,1,1,10,64,2,1),(1449,5,67,'Brown','Medium',3.02,1,1,52,189,1,1),(1450,1,86,'White','Small',2.69,1,1,34,90,2,2),(1451,5,162,'Black','Large',27.88,2,2,67,437,1,2),(1452,6,91,'Brown','Medium',19.81,1,2,39,172,2,2),(1453,3,105,'Gray','Medium',12.01,1,1,8,246,2,1),(1454,1,1,'White','Small',22.9,1,1,29,255,2,1),(1455,2,72,'White','Small',20.5,1,1,22,115,1,2),(1456,3,87,'Gray','Large',16.4,1,1,84,48,2,2),(1457,4,166,'Gray','Small',3.87,2,1,70,226,1,2),(1458,3,6,'Gray','Medium',24.55,1,1,61,488,2,1),(1459,2,153,'Black','Medium',26.11,1,2,43,68,2,2),(1460,2,145,'Orange','Medium',5.99,1,1,49,421,1,1),(1461,7,61,'White','Medium',25.66,2,1,29,387,2,2),(1462,1,12,'Orange','Large',26.46,1,2,81,400,2,2),(1463,1,6,'Orange','Large',16.93,1,1,31,125,2,1),(1464,1,27,'Gray','Small',20.03,2,1,53,436,2,2),(1465,1,136,'Black','Small',12.08,2,1,34,212,2,2),(1466,2,124,'Brown','Small',9.17,2,1,38,52,2,2),(1467,2,106,'Black','Large',21.94,1,2,57,111,2,2),(1468,5,93,'Orange','Medium',25.99,2,2,4,158,1,2),(1469,1,109,'Black','Small',19.97,1,2,2,239,1,2),(1470,3,99,'Gray','Medium',15.84,1,2,12,149,2,2),(1471,6,168,'Brown','Small',5.61,1,1,35,138,2,2),(1472,2,142,'Gray','Small',2.55,1,2,70,417,2,2),(1473,6,35,'Brown','Small',13.93,2,2,72,112,1,2),(1474,2,176,'Orange','Small',2.43,1,1,21,142,2,2),(1475,1,84,'Brown','Small',17.51,1,1,61,369,2,2),(1476,1,56,'Brown','Medium',12.1,2,1,35,137,1,2),(1477,6,177,'Brown','Small',22.96,2,1,48,485,2,2),(1478,1,141,'Black','Medium',9.86,1,1,15,479,1,1),(1479,2,49,'Black','Large',18.2,1,2,71,436,2,2),(1480,5,46,'Orange','Small',16.59,1,2,15,303,2,2),(1481,2,113,'Brown','Medium',1.14,2,1,6,30,1,2),(1482,6,136,'White','Large',3.1,1,1,81,292,2,2),(1483,4,43,'Orange','Large',9.42,2,2,68,107,1,2),(1484,1,148,'Brown','Large',26.58,1,1,22,283,2,2),(1485,2,124,'Brown','Medium',5.26,1,1,32,158,1,1),(1486,2,97,'Black','Small',21.62,1,1,22,325,2,2),(1487,1,90,'Orange','Small',29.23,2,2,27,13,2,2),(1488,2,39,'Brown','Medium',23.93,1,2,15,121,2,2),(1489,2,85,'Brown','Small',8.05,2,1,44,214,2,2),(1490,2,177,'Orange','Medium',27.34,1,1,86,271,2,1),(1491,2,62,'White','Small',3.7,1,2,9,24,2,2),(1492,2,106,'Orange','Large',14.58,2,1,34,422,2,2),(1493,4,107,'Orange','Small',26.74,1,1,73,321,2,1),(1494,2,54,'White','Medium',19.6,1,1,15,293,2,1),(1495,1,126,'Orange','Medium',13,1,1,62,168,2,1),(1496,5,9,'Brown','Large',9.49,1,1,45,102,2,1),(1497,2,88,'Orange','Medium',11.88,1,1,84,353,1,1),(1498,1,37,'White','Small',15.76,1,2,72,370,2,2),(1499,5,49,'Gray','Small',10.25,2,1,58,39,2,2),(1500,5,41,'Orange','Large',29.1,1,2,19,234,2,2),(1501,7,17,'Black','Medium',28.06,1,2,16,319,1,1),(1502,2,88,'Brown','Large',26.25,1,1,75,88,2,2),(1503,7,21,'Brown','Small',13.23,1,1,8,99,2,1),(1504,1,51,'Black','Large',21.05,1,1,33,143,2,2),(1505,1,59,'Black','Medium',27.18,2,1,74,81,2,2),(1506,7,167,'Orange','Large',25.66,2,1,18,76,1,2),(1507,4,41,'Black','Medium',13.02,1,1,35,58,2,1),(1508,6,39,'Gray','Medium',4.26,1,1,43,228,2,1),(1509,2,141,'White','Small',3.19,1,1,50,90,1,2),(1510,5,11,'Black','Small',17.73,1,2,3,353,2,2),(1511,4,147,'Black','Small',19.64,2,1,59,394,1,2),(1512,1,139,'Gray','Medium',25.65,1,1,28,0,2,1),(1513,5,77,'Brown','Large',9.48,1,1,46,268,1,2),(1514,1,127,'Brown','Medium',5.86,1,2,64,285,1,2),(1515,2,46,'Orange','Small',11.99,1,1,70,196,2,2),(1516,1,45,'Gray','Small',11.25,1,1,47,273,1,2),(1517,3,1,'White','Large',4.84,1,1,14,77,2,1),(1518,4,168,'White','Small',20.5,1,1,7,140,2,1),(1519,7,108,'Gray','Small',15.75,1,2,74,287,2,2),(1520,2,19,'White','Small',21.91,1,1,79,70,2,1),(1521,4,76,'Brown','Large',11.23,1,1,31,455,1,1),(1522,5,72,'White','Medium',10.45,1,1,81,49,2,1),(1523,1,109,'White','Small',14.7,1,2,51,454,1,2),(1524,1,12,'Gray','Large',26.44,1,1,29,371,2,1),(1525,2,161,'Gray','Small',2.17,1,2,15,368,2,2),(1526,7,45,'White','Large',24.34,2,1,76,79,2,2),(1527,1,90,'Black','Small',11.7,1,1,25,234,2,2),(1528,6,103,'Gray','Large',25.78,1,1,61,286,1,2),(1529,1,8,'Orange','Small',24.26,1,1,41,306,1,1),(1530,5,153,'Orange','Medium',11.11,1,1,69,154,1,1),(1531,5,91,'Brown','Small',21.12,2,2,4,59,1,2),(1532,3,174,'White','Large',5.63,2,1,57,32,2,2),(1533,1,87,'Black','Small',26.99,2,2,31,436,2,2),(1534,2,158,'Brown','Medium',12.73,1,1,3,126,2,1),(1535,1,175,'White','Small',14.21,1,1,67,220,2,2),(1536,1,177,'Gray','Large',21.47,1,2,50,199,2,2),(1537,6,175,'Orange','Large',24.8,1,1,17,416,2,2),(1538,3,84,'Black','Medium',7.85,1,1,60,125,2,1),(1539,2,82,'Orange','Large',20.18,2,2,74,40,2,2),(1540,5,146,'Gray','Small',12.37,2,1,66,274,1,2),(1541,2,68,'White','Small',11.69,1,1,88,468,2,2),(1542,4,161,'Gray','Small',21.01,1,2,75,296,2,2),(1543,3,127,'Gray','Large',12.23,1,1,24,84,2,2),(1544,1,164,'Orange','Small',11.04,1,2,87,88,1,2),(1545,6,82,'Black','Small',25.24,1,1,32,41,1,2),(1546,2,147,'Gray','Small',3.94,2,1,87,119,2,2),(1547,5,156,'Orange','Medium',20.6,1,1,19,278,2,1),(1548,3,168,'Black','Large',8.21,1,1,66,458,1,2),(1549,4,84,'White','Large',1.45,1,1,60,32,2,1),(1550,7,113,'White','Large',5.84,2,2,66,275,1,2),(1551,6,76,'Brown','Medium',18.59,1,1,15,152,1,1),(1552,1,122,'Orange','Large',21.56,1,1,85,89,2,2),(1553,4,143,'Black','Medium',1.61,2,1,35,103,2,1),(1554,1,41,'Gray','Medium',2.06,1,1,69,435,2,1),(1555,4,167,'White','Large',27.17,2,1,27,11,2,2),(1556,5,2,'Black','Small',3.13,1,1,88,159,1,1),(1557,1,29,'Orange','Small',26.93,1,1,7,416,1,2),(1558,1,105,'Brown','Large',7.62,1,1,6,457,1,2),(1559,2,51,'White','Large',22.46,1,1,33,195,2,2),(1560,1,75,'Black','Medium',9.98,2,1,58,398,2,2),(1561,6,10,'Black','Large',25.9,2,1,49,306,2,2),(1562,5,142,'Black','Medium',21.31,2,1,17,261,2,2),(1563,4,51,'Orange','Large',12.65,2,1,42,90,2,2),(1564,7,118,'Orange','Small',3.21,1,2,72,196,2,2),(1565,2,121,'Orange','Small',22.25,2,2,40,68,2,2),(1566,2,39,'Gray','Large',18.89,1,1,46,465,1,2),(1567,1,28,'Black','Medium',1.08,1,1,71,219,2,1),(1568,5,3,'White','Small',1.27,1,2,70,418,1,2),(1569,5,84,'Orange','Medium',24.45,1,1,68,378,2,1),(1570,1,155,'Orange','Large',8.52,1,1,1,213,2,2),(1571,6,117,'Black','Large',19.45,1,1,79,417,1,2),(1572,6,2,'Orange','Small',14.17,2,1,89,446,1,2),(1573,7,93,'Gray','Large',26.04,1,1,52,451,2,2),(1574,6,166,'Gray','Small',27.59,1,1,35,145,2,2),(1575,1,131,'Orange','Medium',29.91,1,1,69,232,2,1),(1576,1,144,'Black','Small',5.46,1,1,5,370,2,2),(1577,2,94,'Black','Small',26.03,1,2,17,409,1,2),(1578,4,40,'Black','Medium',8.71,1,1,53,233,2,1),(1579,1,2,'Brown','Small',18.13,1,1,52,213,2,1),(1580,1,81,'Orange','Small',15.67,1,1,14,366,1,2),(1581,1,169,'Black','Large',1.52,1,1,29,480,2,2),(1582,2,12,'Gray','Medium',28.05,1,1,8,60,2,1),(1583,6,163,'White','Small',3.27,2,1,1,362,2,2),(1584,1,65,'White','Medium',20.96,1,1,29,77,2,1),(1585,6,55,'Black','Medium',23.77,1,1,36,94,2,1),(1586,2,45,'White','Small',24.06,2,1,51,329,2,2),(1587,3,101,'White','Large',4.93,1,1,37,498,2,2),(1588,1,62,'Brown','Medium',13.98,1,1,69,215,1,1),(1589,2,49,'Gray','Small',25.05,1,1,53,212,1,2),(1590,2,127,'Gray','Medium',9.78,2,1,52,303,2,2),(1591,5,153,'Brown','Large',14.56,1,1,88,199,2,2),(1592,4,23,'Brown','Large',8.91,1,1,83,351,2,1),(1593,3,152,'White','Large',14.44,1,1,12,30,2,2),(1594,1,38,'Orange','Small',26.75,1,1,52,289,1,2),(1595,2,28,'White','Small',14.2,1,1,1,342,2,2),(1596,1,21,'Brown','Large',17.12,2,2,7,472,2,2),(1597,1,107,'Gray','Small',12.72,1,2,17,134,2,2),(1598,1,146,'White','Large',14.34,2,1,43,82,2,2),(1599,7,164,'Orange','Small',1.44,1,1,71,390,2,2),(1600,3,99,'White','Large',9.23,1,1,17,46,1,2),(1601,3,173,'Black','Medium',13.66,1,1,59,391,1,1),(1602,1,119,'White','Large',19.38,2,1,3,205,1,2),(1603,3,73,'Brown','Large',14.05,1,1,29,384,1,2),(1604,2,122,'Gray','Small',10.8,2,1,22,380,1,2),(1605,5,30,'Gray','Small',12.25,1,1,38,76,2,2),(1606,2,108,'Brown','Small',8.03,1,1,54,258,2,2),(1607,2,98,'Black','Small',27.81,1,1,50,436,1,2),(1608,6,32,'Brown','Small',16.13,1,1,69,91,2,2),(1609,2,156,'White','Small',1.39,2,1,30,421,2,2),(1610,5,172,'Brown','Medium',1.56,1,1,23,434,2,1),(1611,2,79,'Brown','Large',29.22,1,1,85,398,2,2),(1612,2,41,'Black','Large',7.42,1,1,47,99,2,2),(1613,2,63,'White','Large',24.36,1,1,21,382,2,2),(1614,7,23,'Orange','Medium',2.69,1,1,20,194,2,1),(1615,7,104,'Orange','Large',27.71,1,1,23,191,1,2),(1616,1,75,'Gray','Medium',26.36,1,1,68,67,2,1),(1617,1,48,'Brown','Medium',17.56,1,1,21,388,1,1),(1618,2,160,'Gray','Medium',1.26,1,1,21,241,2,1),(1619,5,57,'Black','Large',8.48,1,1,1,89,2,2),(1620,5,118,'Orange','Medium',12.8,2,2,15,344,2,2),(1621,3,100,'Brown','Large',14.34,1,1,17,9,2,2),(1622,3,124,'Black','Large',9.63,2,1,51,263,2,2),(1623,2,161,'Black','Small',1.96,2,1,63,267,1,2),(1624,3,152,'Brown','Small',18.11,1,2,14,319,1,2),(1625,2,167,'Black','Medium',16.2,1,1,59,117,1,1),(1626,7,34,'Brown','Medium',9.21,2,1,83,249,2,2),(1627,5,156,'Brown','Large',2.1,1,1,50,58,2,2),(1628,1,165,'White','Medium',29.84,1,2,34,194,2,2),(1629,3,7,'Gray','Medium',14.98,1,1,6,474,2,1),(1630,5,165,'Black','Large',22.92,1,1,49,49,2,2),(1631,5,56,'Black','Medium',14.12,1,1,6,406,2,1),(1632,1,65,'White','Medium',2.25,1,1,69,295,2,1),(1633,1,47,'White','Large',9.98,2,2,7,377,2,2),(1634,2,148,'White','Large',10.28,2,1,77,96,2,2),(1635,2,19,'Orange','Small',25.31,2,1,51,461,2,2),(1636,4,157,'Orange','Large',19.97,1,2,1,126,2,2),(1637,6,146,'Orange','Small',8.99,1,2,13,245,1,2),(1638,5,163,'Brown','Medium',29.06,1,1,43,86,2,1),(1639,5,171,'Black','Large',10.32,1,1,27,478,2,2),(1640,2,126,'Gray','Large',29.95,1,2,71,76,2,2),(1641,1,139,'Brown','Large',29.89,2,1,3,376,2,2),(1642,2,49,'Black','Medium',6.55,1,2,58,203,1,2),(1643,6,113,'Black','Small',10.07,1,2,89,482,1,2),(1644,2,38,'White','Medium',15.1,2,1,17,145,2,2),(1645,2,64,'White','Medium',20.26,2,2,45,148,2,2),(1646,7,69,'Brown','Large',16.31,1,1,78,492,1,2),(1647,6,136,'White','Small',29.11,1,1,58,110,2,2),(1648,1,162,'Black','Medium',22,1,1,56,489,1,1),(1649,5,176,'White','Large',7.15,1,2,54,128,2,2),(1650,2,116,'Orange','Medium',4.05,1,1,87,252,2,1),(1651,2,65,'White','Medium',20.96,2,1,88,165,1,2),(1652,7,31,'Black','Large',5.6,1,2,29,296,2,2),(1653,1,132,'Brown','Large',23.84,1,1,54,425,2,2),(1654,7,113,'Gray','Small',10.02,1,1,27,494,2,2),(1655,7,109,'White','Medium',10.48,1,2,45,136,2,2),(1656,4,178,'Black','Large',1.31,1,1,87,278,1,1),(1657,1,69,'Gray','Large',21.33,1,2,31,333,2,2),(1658,7,158,'Gray','Small',4.28,1,2,36,10,2,2),(1659,5,120,'Orange','Small',23.41,1,1,81,70,1,2),(1660,6,88,'Gray','Large',15.26,1,1,61,158,2,2),(1661,6,67,'Black','Small',23.74,2,1,37,215,2,2),(1662,4,75,'Black','Large',17.93,1,1,67,25,1,1),(1663,5,45,'White','Medium',3.39,1,1,36,285,1,1),(1664,3,4,'White','Small',23.2,1,1,5,161,2,1),(1665,6,154,'White','Medium',3.02,2,1,46,429,2,2),(1666,2,155,'Gray','Medium',14.88,1,1,79,101,1,1),(1667,7,174,'Gray','Medium',6,1,1,52,68,1,1),(1668,2,107,'Orange','Large',22.82,1,1,49,132,1,2),(1669,7,51,'White','Medium',27.44,1,1,6,188,2,1),(1670,5,50,'Brown','Medium',17.07,1,1,10,210,2,1),(1671,4,6,'Orange','Medium',16.29,1,1,23,242,2,1),(1672,6,59,'Brown','Large',23.15,1,1,17,165,1,2),(1673,2,125,'Gray','Medium',1.15,1,1,84,411,1,1),(1674,1,143,'Orange','Medium',27.62,2,2,44,409,2,2),(1675,7,30,'Orange','Small',6.73,2,1,41,60,2,2),(1676,5,170,'Black','Large',29.54,1,1,15,361,2,2),(1677,1,122,'Gray','Medium',22.35,1,1,44,278,1,1),(1678,3,125,'Gray','Small',23.45,1,1,58,429,2,2),(1679,5,37,'Orange','Large',20.03,2,1,86,112,2,2),(1680,2,170,'Gray','Large',14.68,1,1,50,29,2,2),(1681,6,124,'Orange','Large',17.58,1,1,52,322,2,2),(1682,4,101,'Black','Large',2.35,2,1,70,475,2,2),(1683,3,35,'Orange','Large',19.09,1,2,68,160,1,2),(1684,5,87,'Gray','Large',19.16,1,1,63,233,1,2),(1685,7,134,'Gray','Medium',26.84,1,1,58,386,2,1),(1686,7,18,'Orange','Medium',15.66,1,2,23,452,2,1),(1687,6,113,'Orange','Medium',3.24,1,1,44,376,1,1),(1688,2,29,'Orange','Medium',9.88,2,1,83,338,2,2),(1689,6,77,'White','Small',20.01,1,1,44,169,2,2),(1690,5,59,'Gray','Medium',7.94,2,1,52,317,1,2),(1691,3,175,'Gray','Large',9.14,1,1,67,185,1,2),(1692,3,126,'White','Medium',24.79,2,1,28,56,1,2),(1693,5,145,'Orange','Medium',17.95,1,1,67,239,2,1),(1694,3,109,'Black','Large',15.75,1,1,78,256,2,2),(1695,2,22,'Orange','Medium',10.24,2,1,18,357,2,1),(1696,1,68,'Orange','Medium',22.2,1,1,27,200,2,1),(1697,2,69,'White','Medium',9.34,2,1,51,443,1,2),(1698,2,165,'Gray','Small',22.37,1,1,60,324,2,2),(1699,3,49,'Orange','Medium',3.03,1,1,74,314,1,1),(1700,1,141,'Gray','Large',26.07,2,1,49,301,2,2),(1701,2,162,'Brown','Large',15.49,2,1,15,105,2,2),(1702,1,109,'Gray','Medium',13.72,1,1,83,289,1,1),(1703,6,86,'Black','Medium',18.72,2,1,73,100,2,2),(1704,1,53,'Black','Medium',19.1,1,1,68,96,2,1),(1705,1,123,'Orange','Large',4.83,1,1,15,152,2,2),(1706,2,87,'Gray','Large',22.93,1,1,51,425,2,2),(1707,6,179,'Orange','Small',9,1,1,48,28,2,2),(1708,4,131,'White','Small',27.24,1,1,72,152,2,1),(1709,6,42,'Black','Small',24.72,1,1,1,437,2,2),(1710,1,98,'Orange','Large',11.04,2,1,7,378,1,2),(1711,2,160,'White','Small',24.42,2,1,53,72,2,2),(1712,1,109,'Orange','Medium',11.34,2,2,31,253,2,2),(1713,1,51,'Gray','Medium',3.93,2,1,18,450,2,2),(1714,2,85,'Gray','Large',28.89,2,1,12,398,2,2),(1715,1,174,'Gray','Small',19.93,1,2,48,3,2,2),(1716,7,127,'Gray','Medium',14.23,1,1,30,236,2,1),(1717,1,21,'Brown','Large',12.54,1,1,7,37,2,1),(1718,3,44,'White','Small',10.42,2,1,3,19,1,2),(1719,5,139,'White','Medium',29.46,1,1,63,112,1,1),(1720,6,103,'Gray','Small',4.91,1,1,6,22,1,2),(1721,4,68,'Brown','Large',10.13,1,1,15,420,2,1),(1722,4,129,'Gray','Small',15.08,1,1,71,445,2,1),(1723,4,92,'Brown','Large',14.86,1,1,43,366,1,1),(1724,3,24,'Gray','Small',14.67,1,1,81,135,2,2),(1725,2,125,'Black','Medium',6.1,1,1,18,420,1,1),(1726,5,141,'Black','Large',5.2,2,2,22,247,2,2),(1727,1,111,'Orange','Large',8.39,1,1,61,300,2,2),(1728,1,98,'Gray','Large',27.52,1,2,61,96,1,2),(1729,1,139,'White','Small',4.28,2,1,53,32,1,2),(1730,5,179,'Orange','Small',22.97,1,1,26,134,1,2),(1731,2,17,'Black','Medium',22.97,1,1,40,254,1,1),(1732,2,99,'Gray','Large',24.48,1,1,88,277,2,2),(1733,1,82,'Orange','Large',26.71,2,2,8,132,2,2),(1734,6,104,'Gray','Small',8.63,1,2,21,237,1,2),(1735,6,152,'Black','Small',7.51,1,1,43,14,2,2),(1736,1,19,'Orange','Medium',14.5,1,1,21,276,2,1),(1737,3,165,'Black','Medium',8.69,2,1,3,125,2,2),(1738,1,85,'Brown','Small',22.29,1,2,31,344,2,2),(1739,4,8,'Black','Large',19.44,1,1,27,16,2,1),(1740,7,28,'Gray','Medium',26.37,1,1,27,311,2,1),(1741,3,5,'White','Small',3.4,2,1,73,49,1,2),(1742,3,145,'Black','Small',27.54,1,1,57,134,1,2),(1743,2,101,'White','Large',9.51,1,2,33,117,2,2),(1744,6,164,'Brown','Small',15.23,2,1,44,377,2,2),(1745,2,118,'Orange','Small',13.72,1,1,43,305,2,2),(1746,1,147,'Orange','Medium',23.05,1,1,31,59,2,1),(1747,2,64,'White','Small',13.19,1,1,65,124,2,2),(1748,1,91,'Orange','Small',28.36,1,1,84,466,2,2),(1749,4,117,'Black','Medium',27.17,2,1,76,115,2,1),(1750,1,98,'White','Large',26.29,1,1,17,390,2,2),(1751,7,11,'Gray','Large',3.07,1,2,15,423,2,2),(1752,2,54,'Black','Medium',25.77,1,1,34,172,2,1),(1753,6,173,'Black','Medium',23.67,1,1,80,186,2,1),(1754,7,47,'Black','Large',4,2,1,4,497,2,2),(1755,3,140,'Gray','Large',4.12,1,1,72,87,2,2),(1756,1,149,'Brown','Large',3.93,1,1,89,202,1,2),(1757,5,139,'Orange','Large',1.33,1,2,79,360,2,2),(1758,7,5,'White','Large',16.91,1,1,28,310,1,1),(1759,1,20,'Brown','Medium',29.23,1,1,73,319,2,1),(1760,2,169,'White','Small',13.72,2,1,2,448,1,2),(1761,6,46,'Orange','Large',16.68,2,1,17,181,2,2),(1762,1,12,'Gray','Large',29.07,2,1,58,351,1,2),(1763,3,70,'Black','Small',8.4,1,1,74,167,2,2),(1764,5,17,'Black','Small',25.9,2,1,9,180,1,2),(1765,6,115,'Gray','Small',16.85,2,1,31,299,2,2),(1766,1,147,'Brown','Small',17.51,1,1,66,446,2,2),(1767,5,154,'Brown','Small',10.95,2,1,88,129,1,2),(1768,3,48,'White','Small',17.29,1,1,62,462,2,2),(1769,3,108,'Gray','Medium',3.12,1,1,19,148,1,1),(1770,2,52,'Brown','Small',23.17,2,1,81,471,2,2),(1771,2,96,'Gray','Small',9.26,1,2,74,305,2,2),(1772,5,70,'Orange','Medium',26.74,2,1,55,208,1,2),(1773,1,102,'Black','Small',11.67,1,1,28,110,2,2),(1774,7,75,'Black','Large',5.14,1,1,50,435,2,2),(1775,1,161,'Black','Large',21.18,2,2,65,499,1,2),(1776,6,151,'Gray','Small',5.77,2,2,3,136,1,2),(1777,1,143,'Gray','Medium',22.86,1,1,79,354,1,1),(1778,1,155,'White','Large',29.08,2,1,52,403,2,2),(1779,5,179,'Black','Medium',23.61,2,2,10,210,2,2),(1780,5,82,'White','Large',1.65,1,1,21,145,2,2),(1781,7,92,'Black','Small',18.4,1,1,37,83,2,2),(1782,1,179,'White','Medium',21.17,1,2,15,29,1,2),(1783,2,175,'White','Medium',24.94,1,1,87,487,2,1),(1784,1,4,'Orange','Medium',2.62,1,1,78,64,2,1),(1785,2,135,'White','Large',14.92,2,2,79,23,2,2),(1786,2,109,'Gray','Large',16.53,1,1,74,471,1,2),(1787,7,163,'White','Large',5.9,1,1,9,430,1,2),(1788,1,48,'Black','Small',10.35,1,1,44,210,2,2),(1789,3,73,'White','Large',13.77,1,1,39,221,2,2),(1790,2,72,'Brown','Small',25.16,2,1,5,89,1,2),(1791,5,116,'Black','Medium',27.95,2,1,25,105,2,2),(1792,1,173,'Brown','Medium',19.22,1,1,56,171,2,1),(1793,2,81,'Black','Small',12.45,1,2,64,229,2,2),(1794,1,81,'Gray','Large',8.37,1,1,72,412,2,2),(1795,1,113,'Gray','Small',29.48,2,1,86,76,2,2),(1796,2,96,'Gray','Medium',29.51,1,1,52,67,1,1),(1797,4,72,'Brown','Medium',27.82,1,1,89,364,2,1),(1798,5,147,'Orange','Small',23.78,1,1,76,400,2,2),(1799,7,63,'Black','Large',10.45,1,2,9,352,1,2),(1800,4,38,'Gray','Large',24.69,1,1,10,388,1,1),(1801,6,67,'Black','Small',12.85,2,1,10,91,2,2),(1802,6,69,'Brown','Small',10.48,1,1,73,87,2,2),(1803,1,13,'Orange','Large',22.6,1,1,62,464,2,1),(1804,1,175,'Brown','Medium',3.31,2,1,60,49,2,2),(1805,6,31,'Black','Small',2.41,2,1,19,102,2,2),(1806,5,114,'Orange','Large',13.99,1,1,38,367,2,2),(1807,1,22,'Orange','Large',13.92,1,2,6,423,2,2),(1808,4,93,'Brown','Medium',26.97,1,1,15,491,2,1),(1809,6,171,'Gray','Medium',4.66,2,1,47,45,2,2),(1810,2,67,'Black','Medium',4.58,1,1,45,178,2,1),(1811,1,54,'White','Medium',5.28,1,1,5,266,2,1),(1812,1,138,'White','Medium',1.86,1,1,78,267,2,1),(1813,1,42,'Brown','Small',3.08,1,1,53,396,2,2),(1814,6,64,'Black','Large',20.14,1,1,66,319,2,2),(1815,7,126,'Black','Small',13.52,1,2,62,7,2,2),(1816,4,21,'Brown','Small',23.14,1,1,23,448,2,1),(1817,5,169,'Black','Small',29.79,1,1,44,264,2,2),(1818,2,152,'Gray','Small',20.11,1,2,52,475,1,2),(1819,3,35,'Brown','Small',2.46,1,1,46,385,1,2),(1820,7,30,'Gray','Medium',4.03,1,1,19,77,2,1),(1821,5,57,'Black','Medium',26.55,1,2,88,396,1,2),(1822,1,47,'Brown','Large',16.3,1,1,84,239,2,2),(1823,1,163,'Black','Small',24.92,1,1,47,257,2,2),(1824,2,19,'Brown','Large',25.84,1,1,52,195,1,1),(1825,4,114,'Black','Medium',27.9,1,1,24,459,2,1),(1826,5,8,'Gray','Medium',28.55,1,1,17,431,2,1),(1827,1,26,'Gray','Medium',17.09,1,1,89,329,2,1),(1828,7,113,'Black','Small',10.89,2,1,46,130,2,2),(1829,2,71,'Brown','Small',28.89,1,1,64,451,2,2),(1830,6,30,'White','Medium',16.87,2,1,28,389,2,2),(1831,2,135,'Gray','Large',2.86,2,2,50,342,2,2),(1832,6,67,'Gray','Large',19.64,1,2,64,260,2,2),(1833,4,65,'White','Medium',18.04,2,1,28,241,2,1),(1834,2,36,'Black','Large',26.98,1,2,86,386,1,2),(1835,4,25,'Brown','Medium',19.94,2,1,56,393,1,1),(1836,5,37,'Black','Large',11.12,2,1,59,170,2,2),(1837,3,1,'Orange','Medium',29.02,1,1,5,146,2,1),(1838,4,143,'Gray','Large',24.25,1,1,54,269,1,1),(1839,2,37,'Orange','Small',19.28,1,2,44,148,2,2),(1840,2,141,'Gray','Medium',9.49,1,1,42,379,2,1),(1841,2,136,'Gray','Medium',11.83,2,1,72,298,2,2),(1842,1,133,'Orange','Large',20.43,1,1,57,27,1,2),(1843,5,128,'Orange','Medium',3.09,1,1,47,148,2,1),(1844,4,127,'Black','Medium',8.44,1,1,76,419,2,1),(1845,1,1,'Orange','Medium',21.7,1,2,25,279,2,1),(1846,2,164,'Black','Small',14.92,1,1,44,181,2,2),(1847,5,35,'Black','Small',12.67,1,1,15,165,2,2),(1848,2,104,'Black','Large',5.39,1,1,51,16,2,2),(1849,1,23,'Gray','Small',13.81,1,1,53,149,2,1),(1850,6,9,'Gray','Large',23.35,1,1,34,338,2,1),(1851,1,34,'Orange','Small',8.66,2,1,77,44,2,2),(1852,5,174,'Gray','Large',1.16,1,1,8,329,1,2),(1853,5,128,'Orange','Small',20.39,1,1,77,188,1,2),(1854,1,4,'Gray','Small',29.21,1,2,70,138,2,2),(1855,2,158,'Brown','Large',18.6,1,1,21,60,2,2),(1856,2,102,'Brown','Medium',4.48,2,1,7,293,2,2),(1857,1,75,'Orange','Medium',10.3,1,2,79,321,2,2),(1858,2,99,'Gray','Small',26.16,1,1,56,32,1,2),(1859,2,72,'Gray','Large',7.74,2,1,49,298,2,2),(1860,3,3,'Black','Medium',18.62,1,1,42,414,2,1),(1861,5,142,'White','Large',12.68,1,1,23,111,1,2),(1862,1,173,'Orange','Medium',7.03,1,1,52,290,1,1),(1863,7,34,'White','Large',24.59,1,1,79,36,2,2),(1864,5,45,'White','Small',22.54,1,2,53,430,2,2),(1865,5,61,'Orange','Large',20.19,2,2,16,494,2,2),(1866,5,83,'Gray','Medium',7.85,1,1,37,99,1,1),(1867,7,123,'Orange','Small',3.84,1,1,18,22,1,2),(1868,1,102,'White','Large',17.71,2,2,20,419,2,2),(1869,2,16,'Gray','Medium',17.06,1,1,46,423,2,1),(1870,5,66,'Brown','Small',6.46,1,1,2,486,2,2),(1871,7,168,'Orange','Large',2.63,1,1,87,217,2,2),(1872,1,145,'Orange','Medium',3.34,1,2,63,88,2,2),(1873,1,119,'Gray','Large',29.79,1,1,3,208,2,2),(1874,4,162,'Brown','Large',23.72,1,1,46,270,2,1),(1875,1,124,'Brown','Small',27.74,1,1,49,420,1,2),(1876,2,144,'Gray','Small',6.66,2,2,1,236,2,2),(1877,5,102,'Black','Medium',28.86,1,1,22,387,2,1),(1878,3,66,'Orange','Small',5.14,1,1,14,405,2,2),(1879,5,13,'Orange','Medium',15.76,1,1,85,208,1,1),(1880,6,111,'White','Large',25.06,1,1,45,277,2,2),(1881,5,159,'Gray','Large',11.14,1,1,6,464,1,2),(1882,2,34,'White','Medium',13.32,1,2,65,205,2,2),(1883,1,39,'White','Large',4.72,2,1,21,77,1,2),(1884,2,136,'Brown','Small',4.56,1,1,4,400,1,2),(1885,1,120,'Orange','Large',18.97,2,1,3,327,2,2),(1886,5,126,'White','Small',20.59,1,1,30,97,1,2),(1887,2,55,'Brown','Medium',23.54,1,1,31,345,2,1),(1888,3,27,'Gray','Medium',17.14,1,1,34,364,2,1),(1889,4,118,'White','Large',19.73,2,2,83,349,2,2),(1890,2,53,'Orange','Large',1.39,1,1,20,469,2,2),(1891,5,39,'White','Small',5.7,2,1,87,335,1,2),(1892,5,65,'Gray','Small',29.56,2,1,54,93,1,2),(1893,3,145,'White','Large',3.2,1,1,25,79,2,2),(1894,1,158,'Orange','Large',20.68,1,1,15,37,2,2),(1895,2,13,'Brown','Medium',6.11,2,1,38,407,2,1),(1896,4,21,'Orange','Medium',21.78,2,1,23,227,2,1),(1897,1,147,'Brown','Medium',21.47,1,1,52,482,2,1),(1898,7,53,'Black','Large',7.79,1,1,66,133,1,2),(1899,2,19,'Orange','Large',8.82,2,1,57,195,2,2),(1900,5,57,'Orange','Large',19.99,1,1,57,465,2,2),(1901,1,25,'Gray','Medium',12.31,1,2,79,389,1,2),(1902,2,31,'White','Large',6.64,1,1,52,281,2,2),(1903,4,81,'Brown','Small',22.22,1,2,35,100,2,2),(1904,1,23,'Brown','Large',5.47,2,1,74,474,2,2),(1905,1,32,'Gray','Large',25.81,1,1,14,424,2,2),(1906,6,74,'Gray','Large',15.93,1,1,14,74,1,2),(1907,2,10,'White','Large',4.07,1,1,33,293,2,1),(1908,1,54,'White','Large',21.13,1,1,52,207,2,2),(1909,6,52,'Orange','Small',16.06,1,1,1,82,2,2),(1910,1,148,'Black','Small',9.64,2,1,34,426,2,2),(1911,7,160,'White','Large',13.25,2,1,19,436,1,2),(1912,6,114,'Gray','Medium',9.65,2,1,24,142,1,2),(1913,4,14,'White','Large',8.63,1,2,4,473,1,1),(1914,2,178,'Brown','Large',5.74,1,1,36,55,2,2),(1915,4,156,'Black','Large',11.52,1,1,77,360,2,1),(1916,7,110,'Orange','Medium',8.28,2,1,58,439,2,2),(1917,2,53,'Brown','Medium',20.82,1,2,32,286,2,2),(1918,7,152,'Brown','Medium',20.83,1,1,9,210,2,1),(1919,3,79,'Black','Small',15.55,1,1,80,440,2,2),(1920,5,22,'Orange','Medium',23.56,1,1,67,178,1,1),(1921,2,30,'Gray','Small',25.4,2,1,20,407,2,2),(1922,2,4,'Orange','Small',17.81,1,1,74,57,2,1),(1923,6,59,'White','Medium',18.95,1,1,62,72,2,1),(1924,1,8,'Brown','Medium',9.2,2,2,58,214,2,2),(1925,4,12,'White','Medium',26.95,1,2,22,387,2,1),(1926,7,119,'Gray','Small',1.7,2,1,67,265,2,2),(1927,2,159,'White','Large',11.11,1,2,75,446,2,2),(1928,1,34,'Orange','Medium',21.93,1,1,89,72,2,1),(1929,2,82,'White','Medium',3.32,2,2,48,466,1,2),(1930,2,98,'Gray','Medium',6.31,1,1,8,270,2,1),(1931,2,127,'Gray','Small',18.09,1,1,73,498,2,2),(1932,3,75,'Gray','Small',17.24,2,2,15,353,2,2),(1933,1,105,'Orange','Large',22.43,1,2,32,233,2,2),(1934,2,49,'Gray','Medium',24.57,2,1,53,318,1,2),(1935,4,79,'Brown','Small',4.73,1,1,67,18,2,1),(1936,1,93,'Gray','Large',1.53,2,1,4,112,2,2),(1937,4,154,'White','Medium',21,2,2,30,62,1,2),(1938,7,18,'White','Small',9.74,2,1,13,371,2,2),(1939,2,96,'White','Medium',19.15,2,1,21,183,2,2),(1940,1,38,'Orange','Medium',5.37,1,1,41,276,2,1),(1941,1,87,'White','Small',14.6,2,1,19,161,2,2),(1942,6,88,'Orange','Small',15.63,1,1,48,242,1,2),(1943,1,50,'Orange','Small',17.97,2,1,86,144,2,2),(1944,3,8,'Gray','Medium',15.88,2,1,63,145,2,1),(1945,7,169,'Brown','Medium',15.38,1,1,20,80,2,1),(1946,3,134,'Gray','Large',10.65,1,1,64,321,2,2),(1947,1,69,'Gray','Medium',3.06,1,1,37,434,2,1),(1948,1,172,'Orange','Small',3.6,1,1,31,320,2,2),(1949,6,121,'Orange','Medium',13.58,2,1,74,42,2,2),(1950,2,64,'White','Large',11.32,1,1,18,312,2,2),(1951,1,157,'White','Large',15.97,2,1,20,393,1,2),(1952,7,156,'Gray','Small',9.84,2,1,82,292,2,2),(1953,1,139,'Black','Small',20.95,1,1,11,175,2,2),(1954,1,121,'Black','Large',26.05,1,1,86,375,2,2),(1955,6,65,'White','Large',9.67,1,1,44,68,1,2),(1956,6,107,'Black','Large',6.6,2,2,82,55,1,2),(1957,4,147,'White','Small',4.37,1,1,64,118,1,1),(1958,2,137,'Orange','Large',18.87,1,2,34,203,2,2),(1959,1,155,'Gray','Large',13.87,1,1,87,419,1,2),(1960,6,162,'Brown','Small',6.45,2,2,65,414,2,2),(1961,7,172,'Gray','Medium',19.94,2,1,55,54,2,2),(1962,1,100,'White','Medium',5.31,1,1,74,37,2,1),(1963,4,82,'White','Large',17.07,1,2,1,242,1,2),(1964,3,143,'Gray','Medium',16.29,1,1,38,200,1,1),(1965,6,51,'White','Medium',22.29,1,1,9,235,1,1),(1966,2,141,'Black','Medium',2.6,2,1,71,473,1,2),(1967,2,83,'Black','Medium',26.75,1,2,17,14,2,2),(1968,3,177,'White','Large',21.39,1,1,52,143,2,2),(1969,2,112,'White','Medium',7.27,2,1,18,76,2,2),(1970,5,56,'Black','Medium',6.32,2,1,63,472,1,2),(1971,5,179,'White','Small',13.52,1,1,33,477,2,2),(1972,5,165,'White','Large',24.71,1,1,4,308,1,2),(1973,2,145,'Gray','Small',25.45,1,1,87,439,2,2),(1974,5,157,'Brown','Small',16.09,2,2,75,262,2,2),(1975,2,161,'Black','Large',25.96,1,1,52,184,2,2),(1976,2,60,'Gray','Medium',1.16,2,1,9,54,2,2),(1977,1,120,'Brown','Small',2.02,1,1,64,307,1,2),(1978,5,138,'White','Large',27.44,1,1,30,3,2,2),(1979,7,175,'White','Medium',23.48,2,1,8,298,2,2),(1980,2,23,'Gray','Large',14.07,2,1,5,39,2,2),(1981,2,149,'White','Small',22.85,1,1,76,229,2,2),(1982,2,13,'Orange','Medium',28.71,1,1,63,376,2,1),(1983,2,101,'Gray','Medium',23.39,2,1,1,285,2,2),(1984,6,161,'Brown','Large',25.43,1,1,15,137,1,2),(1985,1,24,'Gray','Medium',23.06,1,1,89,477,2,1),(1986,2,108,'Black','Small',5.88,2,1,82,102,2,2),(1987,7,11,'Gray','Small',25.17,1,1,38,6,2,1),(1988,7,17,'White','Small',6.66,1,1,42,163,2,1),(1989,5,175,'White','Large',26.89,1,2,46,418,2,2),(1990,6,25,'Orange','Medium',14.3,1,1,53,471,2,1),(1991,2,94,'Orange','Medium',20.63,2,1,26,422,2,2),(1992,1,21,'Orange','Medium',15.42,1,1,61,419,2,1),(1993,6,84,'Brown','Small',3.73,1,2,67,364,2,2),(1994,6,140,'Orange','Medium',9.43,1,1,54,275,1,1),(1995,1,37,'Brown','Small',29.53,1,2,22,48,1,2),(1996,3,42,'Orange','Medium',28.86,2,1,26,95,2,2),(1997,1,145,'Brown','Small',10.29,1,2,83,58,2,2),(1998,2,101,'Gray','Medium',29.89,1,1,60,230,2,1),(1999,3,48,'Gray','Large',25.52,2,1,39,176,2,2),(2000,3,103,'White','Large',18.72,1,1,36,89,1,2),(2001,7,28,'Brown','Small',2.16,1,2,21,281,1,2),(2002,1,41,'Black','Small',27.14,1,1,41,35,2,2),(2003,1,99,'White','Medium',17.17,2,1,48,170,2,2),(2004,2,47,'Gray','Medium',26.19,2,1,26,125,2,2),(2005,1,146,'Brown','Large',25.2,1,1,63,482,2,2),(2006,1,105,'Orange','Medium',25.16,1,1,77,298,1,1),(2007,5,124,'Black','Small',21.25,1,1,36,354,2,2),(2008,6,13,'Gray','Small',9.45,1,1,24,203,2,1),(2009,6,141,'White','Small',10.75,2,2,21,288,2,2),(2010,4,100,'Brown','Small',9.95,1,1,18,355,2,1),(2011,1,31,'Black','Small',1.58,1,1,15,461,2,2),(2012,4,130,'Brown','Large',17.89,1,1,79,96,2,1),(2013,1,16,'Orange','Large',21.27,2,2,6,237,2,2),(2014,1,137,'White','Small',25.76,2,1,43,172,1,2),(2015,1,73,'Brown','Medium',5.06,1,1,31,300,1,1),(2016,4,166,'Gray','Small',16.78,2,2,28,87,2,2),(2017,1,54,'White','Large',1.23,2,1,8,398,1,2),(2018,2,100,'Gray','Small',3.76,2,1,29,350,2,2),(2019,2,109,'Brown','Large',2.57,1,1,21,16,1,2),(2020,5,87,'White','Large',22.04,1,2,81,139,1,2),(2021,6,173,'Gray','Small',3.35,1,1,88,253,2,2),(2022,5,162,'Orange','Small',21.78,2,1,58,277,1,2),(2023,1,137,'Orange','Medium',8.24,1,1,60,150,2,1),(2024,1,8,'Brown','Large',26.45,2,1,50,345,2,2),(2025,7,7,'White','Medium',24.58,1,2,31,333,2,1),(2026,2,36,'Black','Small',28.78,1,1,47,139,1,2),(2027,2,18,'White','Large',26.63,1,1,34,113,1,1),(2028,2,3,'Orange','Medium',28.07,2,2,2,67,2,2),(2029,4,28,'Gray','Medium',25.9,2,1,67,365,2,1),(2030,1,70,'Black','Medium',21.11,1,1,72,178,2,1),(2031,2,172,'Brown','Small',5.94,1,2,52,124,1,2),(2032,3,149,'Black','Small',8.88,2,1,7,396,2,2),(2033,2,28,'Brown','Small',7.17,1,1,76,312,1,2),(2034,5,54,'Black','Large',18.5,1,1,19,310,2,2),(2035,4,65,'Brown','Small',15.6,1,1,15,337,2,1),(2036,1,100,'Brown','Large',26.15,1,2,78,362,2,2),(2037,1,21,'Black','Medium',28.63,2,1,48,411,1,1),(2038,7,13,'Black','Medium',12.74,2,1,14,357,2,1),(2039,2,57,'Brown','Small',15.68,2,1,3,232,1,2),(2040,5,49,'Orange','Medium',29.17,1,1,50,427,2,1),(2041,5,118,'Black','Small',9.01,2,2,54,146,2,2),(2042,1,54,'White','Large',23.98,1,1,6,429,1,2),(2043,2,138,'Gray','Medium',7.53,2,2,49,110,1,2),(2044,4,53,'Brown','Small',20.76,1,1,23,362,1,1),(2045,2,44,'Brown','Medium',8.35,1,1,78,357,2,1),(2046,2,47,'Gray','Medium',26.63,2,1,78,237,2,2),(2047,5,53,'Orange','Small',17.28,2,2,20,2,2,2),(2048,2,74,'Gray','Medium',6.39,1,1,77,210,2,1),(2049,2,46,'Black','Medium',7.51,2,1,60,403,1,2),(2050,1,13,'Gray','Medium',15.32,2,1,45,24,2,1),(2051,2,165,'Brown','Medium',28.89,2,1,61,330,2,2),(2052,2,102,'Gray','Large',23.32,1,1,56,183,2,2),(2053,5,24,'White','Medium',15.16,1,2,2,464,2,2),(2054,4,2,'Black','Medium',10.79,1,1,45,60,2,1),(2055,3,81,'Gray','Small',16.93,2,1,40,122,2,2),(2056,1,100,'Brown','Large',22.7,1,1,24,496,2,2),(2057,6,142,'Black','Small',23.73,1,1,29,54,2,2),(2058,2,138,'Brown','Small',10.41,1,1,67,162,1,2),(2059,1,163,'Orange','Small',21.91,2,1,68,461,2,2),(2060,1,153,'White','Large',20.08,1,1,66,186,2,2),(2061,4,131,'Orange','Small',28.81,1,1,84,38,1,1),(2062,2,111,'White','Small',28,1,1,54,184,1,2),(2063,2,102,'Gray','Small',23.89,2,1,53,82,1,2),(2064,5,17,'Black','Medium',21.98,2,1,79,194,1,1),(2065,2,12,'Gray','Small',8.95,2,1,49,33,2,2),(2066,5,116,'White','Large',25.53,2,1,32,112,2,2),(2067,7,24,'White','Large',13.4,1,1,61,424,2,2),(2068,5,29,'White','Medium',8.89,1,1,42,405,2,1),(2069,7,171,'Brown','Large',12.14,1,1,1,229,1,2),(2070,2,153,'Black','Large',25.24,2,1,63,282,2,2),(2071,2,122,'Gray','Medium',5.31,2,1,35,404,1,2),(2072,2,90,'Gray','Small',14.23,2,1,51,424,1,2),(2073,7,65,'Orange','Medium',15.28,2,2,71,286,2,2),(2074,2,84,'White','Small',2.06,1,1,45,154,1,2),(2075,3,119,'White','Small',6.68,2,1,77,164,2,2),(2076,6,156,'White','Large',24.98,2,2,65,449,2,2),(2077,4,16,'Gray','Medium',25.09,1,1,14,181,1,1),(2078,6,175,'Orange','Large',9.48,1,1,3,238,2,2),(2079,2,104,'Brown','Large',26.37,1,1,24,136,1,2),(2080,1,92,'Black','Small',23.38,1,1,65,338,2,2),(2081,2,27,'Brown','Large',13.12,2,1,48,425,2,2),(2082,4,170,'Gray','Medium',22.7,1,1,10,419,1,1),(2083,2,175,'White','Large',28.88,1,1,13,265,2,2),(2084,7,162,'Black','Large',14.31,1,1,73,186,2,2),(2085,6,165,'Gray','Small',7.91,1,1,14,39,2,2),(2086,6,134,'Gray','Medium',28.31,2,1,10,309,1,2),(2087,1,135,'Gray','Large',18.51,1,1,40,492,2,2),(2088,1,153,'Black','Small',4.05,2,1,23,166,1,2),(2089,6,33,'Black','Large',17.61,1,1,55,390,2,2),(2090,1,55,'Orange','Medium',15.52,1,1,63,259,2,1),(2091,4,7,'Orange','Large',25.81,1,1,71,142,1,1),(2092,7,57,'Brown','Large',16.39,1,1,42,203,2,2),(2093,3,126,'Black','Small',8.4,1,2,66,175,2,2),(2094,5,12,'Black','Large',20.59,2,2,79,261,1,2),(2095,2,16,'Black','Small',16.73,1,1,73,251,1,1),(2096,4,43,'Orange','Medium',7.76,1,1,47,328,2,1),(2097,2,117,'Gray','Large',17.64,2,1,81,418,2,2),(2098,7,135,'White','Medium',24.82,1,1,52,199,1,1),(2099,2,111,'Orange','Medium',1.83,1,2,18,198,1,2),(2100,1,51,'Black','Large',19.29,1,1,79,195,1,2),(2101,2,160,'Orange','Small',11.14,1,2,18,313,2,2),(2102,6,75,'Brown','Medium',9.49,1,1,24,76,1,1),(2103,2,8,'Black','Medium',12.39,2,1,23,18,2,1),(2104,2,45,'Brown','Large',10.92,2,1,12,61,2,2),(2105,7,59,'Black','Large',25.13,1,1,23,326,2,2),(2106,2,132,'Orange','Large',8.97,1,1,21,393,2,2),(2107,2,104,'Gray','Large',22.26,1,1,64,280,2,2),(2108,6,157,'White','Large',3.73,2,1,72,427,2,2),(2109,7,157,'Brown','Large',28.59,2,1,34,249,2,2),(2110,4,98,'Orange','Small',19.05,2,1,2,226,2,2),(2111,4,156,'Gray','Medium',21.49,1,1,69,126,2,1),(2112,5,79,'Orange','Small',9.64,1,2,31,57,2,2),(2113,7,124,'Brown','Small',12.95,1,1,68,408,2,2),(2114,5,172,'White','Large',7.49,2,1,70,476,2,2),(2115,6,4,'Orange','Medium',28.04,2,2,87,375,2,2),(2116,1,90,'Black','Small',15.16,1,1,19,203,2,2),(2117,6,104,'Gray','Large',19.28,2,1,72,242,1,2),(2118,6,137,'Orange','Large',22.29,1,2,13,366,1,2),(2119,1,119,'Gray','Medium',11.76,1,1,65,423,1,1),(2120,6,133,'Black','Small',21.88,1,1,6,331,2,2),(2121,1,56,'White','Small',20.6,1,1,71,499,2,2),(2122,2,96,'White','Small',21.46,1,1,27,325,2,2),(2123,3,178,'Black','Large',15.19,2,1,79,251,1,2),(2124,3,75,'Gray','Medium',12.11,1,2,52,393,2,2),(2125,1,143,'Orange','Medium',7.44,1,1,87,321,2,1),(2126,5,32,'Black','Small',24.91,2,1,48,375,2,2),(2127,5,28,'Brown','Large',18.64,1,1,88,492,2,2),(2128,1,22,'Gray','Small',13.89,2,1,79,408,1,2),(2129,1,17,'White','Medium',28.38,2,2,68,198,1,2),(2130,2,59,'Black','Large',2.39,2,1,44,487,1,2),(2131,7,90,'White','Small',25.65,1,2,17,342,2,2),(2132,2,106,'Gray','Small',29.93,1,1,38,239,1,2),(2133,2,26,'White','Large',26.72,1,1,10,138,2,2),(2134,2,25,'Black','Medium',24.5,2,2,54,121,1,2),(2135,6,138,'Gray','Large',11.85,1,2,6,419,2,2),(2136,6,45,'Brown','Small',7.71,1,2,6,48,2,2),(2137,5,83,'Black','Small',22.31,1,1,52,303,2,2),(2138,1,11,'Orange','Small',9.83,2,1,15,114,2,2),(2139,1,104,'Black','Small',6.11,2,1,68,342,1,2),(2140,1,68,'Gray','Medium',23.81,2,2,57,250,1,2),(2141,1,95,'Black','Medium',10.06,1,1,56,490,2,1),(2142,2,156,'Brown','Small',27.52,1,1,7,6,2,2),(2143,2,65,'Brown','Medium',25.38,1,1,51,218,2,1),(2144,2,49,'Orange','Medium',25.58,1,1,58,76,1,1),(2145,6,175,'White','Medium',23.38,1,2,64,178,2,2),(2146,6,52,'Gray','Small',26.55,1,1,26,144,2,2),(2147,1,102,'Gray','Large',24.37,1,1,58,415,2,2),(2148,1,57,'White','Large',18.47,2,1,31,153,2,2),(2149,1,47,'Brown','Large',9.58,2,1,66,120,1,2),(2150,7,159,'Brown','Small',26.76,1,1,13,123,2,2),(2151,5,174,'Black','Medium',25.38,1,1,18,149,2,1),(2152,6,26,'Orange','Medium',14.71,2,1,75,396,1,2),(2153,2,114,'Orange','Small',2.13,1,1,13,380,2,2),(2154,1,5,'Orange','Small',19.52,1,1,24,267,2,1),(2155,2,84,'Black','Large',2.47,1,1,57,326,2,2),(2156,4,52,'Orange','Large',27.86,1,1,29,0,2,1),(2157,3,105,'White','Small',28.89,1,1,56,160,2,2),(2158,5,54,'Black','Large',6.5,1,1,54,243,1,2),(2159,1,161,'White','Medium',20.62,2,1,5,374,1,2),(2160,6,178,'Black','Small',3.68,1,2,35,397,1,2),(2161,4,166,'Orange','Small',22.16,1,1,19,250,1,1),(2162,1,155,'White','Medium',11.07,1,1,55,366,2,1),(2163,3,15,'White','Medium',20.75,1,2,77,63,2,1),(2164,2,61,'White','Medium',11.81,2,1,69,298,2,2),(2165,1,122,'Black','Large',5.22,1,2,44,247,1,2),(2166,2,21,'Gray','Small',12.78,2,1,78,441,2,2),(2167,6,46,'Orange','Large',4.27,1,2,38,296,2,2),(2168,5,134,'White','Medium',17.73,1,2,62,464,2,2),(2169,5,38,'Gray','Large',2.19,1,1,22,451,2,2),(2170,2,62,'Orange','Medium',16.29,1,1,73,499,2,1),(2171,2,86,'Orange','Large',26.7,1,1,40,114,1,2),(2172,3,78,'White','Large',25.3,2,1,26,294,2,2),(2173,1,46,'White','Medium',26.6,1,1,5,0,1,1),(2174,2,141,'Black','Large',27.74,2,1,54,40,2,2),(2175,5,3,'Gray','Small',4.03,1,1,86,172,1,1),(2176,1,6,'Gray','Large',4.73,2,1,49,87,1,2),(2177,4,93,'White','Large',17.15,1,2,3,481,1,2),(2178,5,8,'Orange','Small',26.93,1,1,38,97,2,1),(2179,1,172,'White','Medium',29.26,1,1,14,87,2,1),(2180,3,108,'Orange','Small',2.34,1,1,47,250,2,2),(2181,2,161,'Orange','Large',11.32,1,1,14,334,2,2),(2182,7,75,'White','Medium',7.17,1,1,75,464,2,1),(2183,3,77,'Brown','Large',22.92,1,2,73,140,1,2),(2184,5,50,'Gray','Large',19.57,1,1,38,70,2,2),(2185,2,11,'Orange','Small',4.48,1,1,64,136,2,1),(2186,2,95,'Orange','Small',15.02,1,2,44,491,2,2),(2187,7,156,'Brown','Medium',20.88,1,2,70,446,1,2),(2188,2,70,'Black','Medium',23.59,1,1,65,98,1,1),(2189,2,169,'Brown','Medium',1.58,1,1,25,150,2,1),(2190,2,16,'Brown','Large',26.82,1,1,16,437,2,1),(2191,5,68,'Orange','Small',17.51,2,1,15,174,1,2),(2192,1,99,'Gray','Small',24.55,1,2,81,166,2,2),(2193,2,48,'Brown','Small',24.43,1,1,3,342,2,2),(2194,7,64,'Black','Medium',6.51,1,1,67,409,1,1),(2195,7,90,'White','Small',4.19,1,2,37,256,1,2),(2196,2,76,'Brown','Small',21.92,2,1,81,397,2,2),(2197,2,139,'Brown','Small',5.54,2,2,55,223,2,2),(2198,5,101,'Black','Medium',25.65,1,1,38,498,2,1),(2199,6,89,'Gray','Small',22.06,1,1,63,367,2,2),(2200,5,18,'Brown','Medium',25.41,1,1,1,329,2,1),(2201,5,19,'Brown','Small',9.67,1,1,71,64,2,1),(2202,1,55,'Gray','Small',10.18,1,1,19,68,2,2),(2203,6,102,'Black','Small',20.47,1,1,52,66,2,2),(2204,3,118,'Brown','Medium',1.91,1,1,30,432,2,1),(2205,7,154,'Gray','Medium',22.07,1,2,55,49,2,2),(2206,2,134,'Brown','Small',25.24,1,1,14,313,2,2),(2207,3,4,'White','Large',13.04,2,1,13,308,2,2),(2208,3,108,'Orange','Medium',23.18,1,1,84,90,2,1),(2209,6,115,'White','Medium',6.06,1,2,27,114,2,2),(2210,2,29,'Brown','Small',10.35,1,1,89,373,1,2),(2211,2,59,'Black','Large',29.25,1,1,9,56,2,2),(2212,5,125,'Orange','Small',29.6,1,1,41,341,1,2),(2213,6,98,'White','Medium',15.87,2,1,48,17,2,2),(2214,6,17,'Gray','Medium',28.09,1,1,12,271,2,1),(2215,5,107,'Black','Small',16.16,2,1,10,129,2,2),(2216,4,43,'White','Small',9.46,1,1,6,494,2,1),(2217,5,80,'Gray','Large',8.74,1,2,34,268,1,2),(2218,7,162,'Brown','Large',27.96,1,2,52,428,1,2),(2219,6,8,'Gray','Medium',6,2,1,41,79,1,1),(2220,3,141,'White','Large',17.81,2,1,83,455,2,2),(2221,6,106,'White','Large',17.11,2,1,6,298,2,2),(2222,1,8,'Brown','Medium',22.45,2,1,2,455,2,1),(2223,7,96,'Gray','Medium',15.48,1,2,15,309,2,2),(2224,1,94,'Gray','Medium',8.9,1,1,17,201,2,1),(2225,5,65,'Brown','Medium',5.91,1,1,16,224,1,1),(2226,1,171,'Gray','Small',19,2,2,28,158,1,2),(2227,4,39,'Brown','Medium',21.85,1,1,85,203,2,1),(2228,2,81,'Black','Medium',17.52,1,1,72,136,2,1),(2229,5,84,'White','Medium',22.41,2,1,10,484,2,2),(2230,4,88,'Black','Large',5.1,1,1,10,72,2,1),(2231,1,86,'Orange','Medium',26.59,2,1,10,47,2,2),(2232,4,93,'Orange','Small',17.89,2,1,73,17,1,2),(2233,1,86,'Orange','Small',4.68,1,1,28,477,2,2),(2234,1,44,'Brown','Medium',14.4,1,1,24,479,2,1),(2235,1,137,'Gray','Small',25.5,1,1,19,487,2,2),(2236,1,165,'Black','Large',27.03,1,1,68,470,2,2),(2237,5,74,'Black','Medium',8.67,1,1,56,266,1,1),(2238,6,36,'Black','Small',21.63,1,1,67,445,2,2),(2239,2,101,'Black','Small',3.9,1,1,42,339,1,2),(2240,5,156,'Orange','Medium',1.97,1,1,12,18,2,1),(2241,6,170,'Black','Small',17.25,2,1,18,99,1,2),(2242,5,171,'Gray','Medium',21.15,2,1,23,115,2,2),(2243,4,170,'Orange','Small',24.08,1,1,84,345,2,1),(2244,2,104,'Black','Large',10.87,1,1,6,73,1,2),(2245,2,66,'Brown','Small',1.19,2,1,53,279,1,2),(2246,1,55,'White','Small',14.91,1,1,42,268,1,2),(2247,2,176,'White','Medium',1.46,2,1,66,124,2,2),(2248,4,91,'White','Small',3.67,1,1,30,115,1,1),(2249,2,22,'Orange','Medium',10.47,2,2,9,173,1,2),(2250,6,101,'Black','Large',13.68,1,1,42,180,2,2),(2251,2,155,'Orange','Medium',9.1,1,2,34,225,1,2),(2252,3,121,'Gray','Medium',17.87,2,1,40,156,2,2),(2253,3,93,'Brown','Small',2.61,1,1,88,163,2,2),(2254,4,108,'Brown','Large',5.19,1,1,17,70,2,1),(2255,4,141,'White','Medium',21.16,2,1,29,498,1,1),(2256,2,173,'White','Small',5.12,2,1,50,221,2,2),(2257,2,10,'White','Small',19.55,1,1,76,125,2,1),(2258,2,9,'Black','Medium',2.59,1,2,49,144,2,1),(2259,2,155,'Gray','Small',12.81,1,2,73,175,2,2),(2260,1,34,'Gray','Medium',6.14,2,1,61,460,2,2),(2261,1,129,'Gray','Medium',4.18,1,2,83,151,2,2),(2262,6,160,'Gray','Medium',17.44,2,2,46,181,1,2),(2263,1,89,'White','Large',27.92,1,2,46,374,1,2),(2264,7,93,'Brown','Medium',2.59,1,1,17,478,1,1),(2265,6,71,'White','Small',13.23,1,1,66,346,1,2),(2266,3,67,'Gray','Large',21.52,1,1,5,497,2,2),(2267,7,148,'White','Small',14.42,1,1,54,84,2,2),(2268,4,117,'Gray','Large',24.39,1,2,16,363,2,2),(2269,1,94,'Orange','Large',6.21,1,1,81,382,2,2),(2270,1,163,'Brown','Large',28.83,1,1,7,120,1,2),(2271,5,99,'Orange','Large',12.17,1,2,8,128,2,2),(2272,3,113,'Black','Small',10.91,1,1,72,462,1,2),(2273,4,103,'White','Medium',26.36,1,2,87,450,2,1),(2274,3,91,'Black','Small',17.35,1,1,82,5,1,2),(2275,6,90,'White','Medium',15.98,1,1,38,333,2,1),(2276,6,17,'Orange','Small',22.08,1,1,54,182,2,1),(2277,7,18,'Gray','Large',17.82,1,1,76,37,1,1),(2278,2,173,'Gray','Large',5.71,1,1,15,416,2,2),(2279,1,116,'White','Medium',20.55,1,2,50,115,1,2),(2280,1,93,'Gray','Medium',4.87,1,2,56,101,2,2),(2281,6,91,'Orange','Small',24.37,1,1,9,7,2,2),(2282,7,82,'Gray','Medium',29.7,1,1,8,217,1,1),(2283,4,68,'Orange','Small',11.94,1,2,19,206,2,2),(2284,1,114,'Black','Medium',13.9,1,1,51,77,1,1),(2285,1,1,'Orange','Medium',2.35,1,1,72,367,2,1),(2286,2,58,'Brown','Medium',1.4,1,2,57,403,2,2),(2287,1,154,'Brown','Large',27.72,2,2,68,54,2,2),(2288,1,109,'Brown','Large',4.73,2,1,31,303,2,2),(2289,5,148,'White','Small',13.93,2,1,3,466,2,2),(2290,2,116,'White','Medium',24.65,1,1,83,439,2,1),(2291,6,87,'White','Small',26.79,1,1,43,480,2,2),(2292,1,10,'Orange','Medium',16.06,2,2,29,227,2,2),(2293,2,59,'White','Large',17.39,1,2,10,87,2,2),(2294,5,41,'Black','Large',20.42,1,1,12,9,2,2),(2295,2,105,'Brown','Medium',28.88,1,1,46,307,2,1),(2296,2,133,'Orange','Medium',18.48,1,2,30,433,2,2),(2297,6,122,'Brown','Large',17.22,1,1,82,289,2,2),(2298,2,145,'White','Large',1.42,2,1,88,163,2,2),(2299,1,22,'Orange','Small',3.35,1,2,32,238,2,2),(2300,2,98,'Gray','Large',17.74,2,1,73,316,1,2),(2301,5,169,'Black','Medium',28.15,1,1,47,483,1,1),(2302,3,68,'White','Small',26.13,1,1,88,143,2,2),(2303,2,139,'White','Medium',29.49,2,1,63,334,2,2),(2304,7,56,'Black','Small',16.31,2,1,26,17,1,2),(2305,3,179,'Black','Medium',23.85,1,1,3,70,2,1),(2306,5,149,'Gray','Large',25.37,1,2,23,174,1,2),(2307,5,99,'White','Medium',19.79,1,1,75,341,1,1),(2308,1,76,'White','Small',10.82,2,1,74,287,2,2),(2309,1,26,'Brown','Medium',14.63,2,1,50,298,2,2),(2310,5,115,'Orange','Small',25.88,1,1,36,338,1,2),(2311,6,147,'Orange','Medium',9.66,2,1,13,423,1,2),(2312,6,109,'Brown','Large',27.79,1,1,29,247,2,2),(2313,7,47,'Orange','Large',7.66,2,1,38,192,2,2),(2314,2,71,'Black','Medium',22.74,1,1,77,418,2,1),(2315,1,154,'Orange','Medium',19.29,2,2,84,324,2,2),(2316,2,40,'Orange','Medium',22.74,2,1,5,305,1,2),(2317,3,133,'Brown','Small',13.68,1,1,20,267,1,2),(2318,2,149,'Gray','Medium',28.05,1,1,78,203,2,1),(2319,7,132,'Orange','Medium',19.34,2,1,14,340,1,2),(2320,2,23,'Orange','Small',9.36,2,1,8,122,2,2),(2321,4,106,'Gray','Large',19.52,2,1,48,57,2,2),(2322,1,84,'Brown','Medium',9.32,1,1,13,338,2,1),(2323,1,143,'Gray','Medium',9.52,1,2,24,446,2,2),(2324,2,116,'Brown','Large',12.59,2,1,79,200,2,2),(2325,5,109,'Black','Large',25.72,1,1,65,490,2,2),(2326,2,136,'Brown','Small',15.51,1,1,86,432,1,2),(2327,4,41,'Black','Medium',20.69,1,1,34,111,1,1),(2328,6,112,'Black','Medium',12.37,1,2,51,127,2,1),(2329,2,147,'Brown','Small',8.64,1,1,3,35,2,1),(2330,6,112,'White','Large',28.68,2,1,78,233,2,1),(2331,2,103,'Brown','Small',18.5,2,1,58,309,1,2),(2332,5,46,'Orange','Large',28.08,1,1,72,46,2,2),(2333,4,156,'Orange','Small',6.9,1,1,55,114,2,1),(2334,4,68,'White','Large',5.26,1,2,80,415,2,2),(2335,2,122,'Black','Small',25.82,1,1,42,254,2,1),(2336,4,15,'White','Large',20.75,1,1,21,482,2,1),(2337,4,165,'Orange','Large',6.41,1,1,10,222,1,2),(2338,1,129,'White','Large',8.81,2,1,57,123,1,2),(2339,3,111,'Brown','Large',24.22,1,2,25,436,2,1),(2340,2,24,'White','Large',14.16,2,1,56,159,2,2),(2341,5,27,'Black','Medium',20.45,2,1,38,445,2,1),(2342,6,40,'Brown','Large',10.23,1,1,86,420,1,1),(2343,2,164,'Gray','Medium',12.06,2,1,61,95,2,2),(2344,5,24,'Orange','Large',29.73,2,1,47,106,2,1),(2345,6,24,'Orange','Medium',8.18,2,1,54,119,2,2),(2346,5,4,'White','Medium',15.69,1,1,46,100,2,1),(2347,3,67,'Brown','Small',25.49,1,2,68,102,2,1),(2348,1,34,'Gray','Large',7.94,2,1,4,165,2,1),(2349,3,177,'Brown','Small',13.04,1,2,66,413,2,1),(2350,7,116,'Orange','Small',18.84,2,1,43,185,2,1),(2351,5,23,'Brown','Large',14.95,1,1,62,31,2,2),(2352,4,109,'Gray','Small',14.33,1,1,85,492,2,1),(2353,1,69,'White','Large',11.51,1,2,85,65,2,2),(2354,7,95,'Black','Small',18.01,1,1,85,178,2,2),(2355,1,62,'Brown','Large',19.11,1,1,4,266,2,2),(2356,1,169,'Black','Large',19.95,1,1,65,442,1,1),(2357,3,57,'Orange','Large',3.04,1,2,62,403,2,2),(2358,2,54,'White','Medium',19.3,1,2,2,36,2,2),(2359,4,70,'White','Small',28.64,1,1,9,200,2,2),(2360,4,101,'Brown','Medium',16.69,1,2,57,357,2,1),(2361,2,57,'White','Small',21.74,2,1,45,48,2,1),(2362,3,138,'Brown','Small',17.15,2,2,18,274,1,1),(2363,2,168,'Brown','Small',25.79,1,1,48,438,2,1),(2364,6,135,'Black','Medium',27.96,1,1,42,167,2,2),(2365,1,103,'White','Small',6.34,1,1,41,262,1,1),(2366,1,166,'Brown','Medium',13.67,2,1,75,132,1,2),(2367,2,85,'Black','Large',12.38,2,1,89,494,1,1),(2368,6,61,'Gray','Small',12.75,1,1,58,297,1,2),(2369,6,3,'Black','Small',4.64,1,1,42,343,1,1),(2370,5,128,'Black','Large',24.59,2,1,35,175,2,1),(2371,1,179,'Brown','Large',2.04,1,1,38,488,2,1),(2372,7,86,'Orange','Small',16.32,1,2,67,390,2,1),(2373,2,47,'Orange','Large',20.19,1,2,41,10,1,2),(2374,2,76,'Orange','Medium',7.02,1,2,50,200,1,1),(2375,6,38,'Black','Medium',27.27,1,1,86,432,2,1),(2376,2,164,'Brown','Small',25.32,1,1,72,413,2,1),(2377,4,169,'White','Medium',14.66,1,2,79,296,1,2),(2378,5,141,'Black','Medium',12.92,2,2,45,2,1,1),(2379,2,87,'Black','Small',7.86,1,1,71,213,2,1),(2380,7,58,'Brown','Large',22.17,2,1,19,295,1,2),(2381,2,50,'Gray','Small',4.82,2,1,17,306,2,2),(2382,3,30,'Black','Medium',20.73,1,1,65,467,2,2),(2383,2,101,'Gray','Small',25.43,1,1,77,31,2,1),(2384,2,25,'Gray','Small',7.63,1,1,56,47,2,2),(2385,1,112,'Orange','Medium',26.13,1,2,41,326,2,1),(2386,1,155,'Brown','Medium',1.97,1,1,42,251,1,2),(2387,2,179,'Gray','Small',27.47,1,1,6,198,1,1),(2388,1,126,'Brown','Medium',4.43,1,1,69,403,1,2),(2389,6,123,'Orange','Medium',19.73,1,2,75,88,2,2),(2390,6,47,'Brown','Medium',8.25,2,1,73,108,2,2),(2391,1,118,'Black','Medium',25.26,1,1,40,290,2,1),(2392,1,39,'Gray','Medium',15.86,1,1,41,107,2,2),(2393,4,16,'Brown','Medium',4.92,1,1,9,407,2,1),(2394,1,22,'White','Large',17.56,1,1,8,39,2,2),(2395,1,54,'Brown','Small',12.83,1,1,44,460,2,2),(2396,1,149,'Gray','Medium',20.18,1,1,58,51,1,2),(2397,2,16,'Orange','Small',26.58,1,1,67,111,2,1),(2398,1,59,'Orange','Large',12.87,1,1,13,294,1,1),(2399,3,31,'Gray','Medium',9.41,2,1,19,67,2,1),(2400,3,170,'Black','Small',1.42,2,1,49,188,1,2),(2401,1,32,'Black','Medium',17.67,1,2,80,331,2,1),(2402,1,162,'Orange','Medium',12.67,2,1,82,208,2,1),(2403,2,9,'Orange','Medium',11.86,1,1,78,64,2,2),(2404,4,139,'Gray','Medium',6.31,1,1,30,61,1,2),(2405,5,10,'Black','Medium',13.47,2,1,66,464,2,1),(2406,6,17,'Orange','Medium',29.55,2,1,77,257,2,1),(2407,4,68,'Black','Medium',9.63,1,1,59,133,1,2),(2408,2,48,'Orange','Large',18.39,1,1,53,491,2,1),(2409,5,111,'Brown','Large',23.52,1,2,52,121,2,2),(2410,3,153,'White','Medium',22.73,1,2,81,330,2,2),(2411,2,123,'Brown','Medium',10.53,1,2,31,170,2,1),(2412,1,149,'Orange','Large',18.71,1,1,15,209,2,1),(2413,2,101,'White','Large',26.27,1,1,20,295,2,2),(2414,2,102,'White','Large',1.45,1,1,5,88,2,1),(2415,6,65,'Orange','Medium',13.64,2,1,7,166,2,2),(2416,6,51,'Orange','Small',7.5,1,1,18,27,1,1),(2417,5,36,'Black','Small',12.27,1,1,56,237,2,2),(2418,7,81,'Orange','Small',13.06,2,1,75,335,2,1),(2419,7,127,'Gray','Small',22.65,2,1,45,62,2,1),(2420,1,88,'Orange','Medium',3.72,1,1,28,447,2,2),(2421,1,104,'Gray','Small',15.86,2,1,50,254,2,1),(2422,1,15,'Orange','Large',17.36,2,1,2,395,2,2),(2423,2,96,'Black','Large',15.33,1,2,84,40,2,1),(2424,5,167,'Gray','Small',22.22,1,1,68,499,1,1),(2425,3,123,'Brown','Large',12.13,1,1,77,28,2,1),(2426,1,1,'Gray','Medium',28.4,1,1,24,278,2,1),(2427,1,151,'Black','Small',14.97,1,1,48,468,2,2),(2428,2,122,'Gray','Small',17.57,1,1,45,79,2,2),(2429,7,167,'Orange','Medium',24.94,2,2,58,50,1,1),(2430,7,126,'Orange','Large',8.98,1,2,36,111,2,2),(2431,2,57,'Black','Medium',3.18,1,1,2,360,2,2),(2432,2,81,'White','Medium',21.53,1,1,18,300,2,1),(2433,2,162,'Orange','Large',15.01,1,1,49,89,2,2),(2434,2,169,'Brown','Medium',27,1,1,8,228,2,2),(2435,5,73,'Black','Large',29.5,1,2,58,149,2,1),(2436,5,141,'Gray','Large',12.57,1,1,15,242,2,1),(2437,2,70,'Gray','Medium',13.05,1,2,17,137,2,1),(2438,2,6,'Brown','Large',12.83,1,1,23,134,2,1),(2439,7,84,'Orange','Medium',10.41,1,1,66,456,2,2),(2440,1,52,'Black','Large',23.67,1,1,70,88,2,1),(2441,1,3,'Brown','Small',23.01,1,1,27,493,2,2),(2442,3,81,'Orange','Large',14.88,2,1,37,14,1,2),(2443,6,63,'Black','Large',2.3,2,1,49,332,2,1),(2444,7,49,'Gray','Medium',9.98,1,1,64,361,1,2),(2445,2,76,'Black','Large',9.48,1,1,34,173,2,2),(2446,7,112,'White','Small',24.52,2,1,18,89,1,2),(2447,3,175,'Black','Small',3.54,2,1,64,212,2,1),(2448,6,109,'White','Large',24.36,1,1,74,342,2,2),(2449,5,65,'Black','Large',20.41,1,1,44,60,1,1),(2450,7,81,'White','Small',22.24,1,1,17,363,1,1),(2451,2,15,'Gray','Medium',13.53,1,1,59,219,2,2),(2452,2,100,'Orange','Small',20.71,1,2,13,60,2,2),(2453,2,32,'White','Small',18.66,2,1,52,306,2,1),(2454,7,96,'White','Large',23.3,1,1,60,165,1,1),(2455,1,128,'Gray','Large',13.96,1,1,42,11,2,1),(2456,7,146,'White','Small',14.71,2,2,64,215,2,1),(2457,2,113,'Brown','Medium',19.66,1,1,66,76,1,1),(2458,1,83,'Gray','Small',4.13,1,1,34,231,1,2),(2459,2,43,'Brown','Small',13.65,1,1,87,111,2,1),(2460,2,116,'Gray','Medium',29.19,1,1,71,65,2,2),(2461,1,163,'White','Small',2.09,1,1,64,181,1,1),(2462,5,78,'Brown','Small',10.16,1,1,33,422,2,2),(2463,5,58,'White','Large',10.11,1,2,12,203,1,1),(2464,2,33,'Gray','Medium',19.37,1,2,76,422,2,2),(2465,5,14,'White','Large',4.07,1,1,19,370,2,2),(2466,1,162,'Brown','Large',19.23,1,1,9,205,2,1),(2467,5,132,'Brown','Medium',3.76,1,1,74,285,2,2),(2468,1,59,'White','Medium',3.75,1,1,17,104,1,1),(2469,3,157,'Black','Small',22.12,2,1,50,241,2,1),(2470,2,83,'Gray','Large',10.4,1,1,39,234,2,2),(2471,5,134,'Gray','Medium',29.35,1,1,41,175,2,2),(2472,1,121,'White','Large',2.08,2,1,10,210,2,1),(2473,4,177,'Black','Large',13.91,2,1,12,30,2,1),(2474,6,168,'Brown','Medium',4.28,1,1,79,234,2,1),(2475,3,83,'Orange','Small',11.19,2,1,15,241,2,2),(2476,1,27,'Orange','Large',29.95,2,1,28,490,1,2),(2477,2,80,'White','Medium',26.78,1,1,4,152,1,1),(2478,1,134,'Black','Small',2.4,2,2,36,195,2,2),(2479,2,13,'Black','Large',17.33,1,2,65,497,2,2),(2480,1,64,'Gray','Medium',19.79,1,1,47,434,2,2),(2481,5,147,'Brown','Large',7.08,1,1,81,268,2,1),(2482,5,80,'Black','Medium',5.21,1,1,39,483,1,1),(2483,4,123,'Orange','Medium',27.23,1,1,38,446,2,2),(2484,5,43,'Brown','Large',29.1,1,1,44,383,2,2),(2485,6,89,'Brown','Large',29.76,1,1,51,169,2,1),(2486,1,148,'White','Medium',23.9,1,1,85,437,2,2),(2487,1,95,'Black','Small',20.24,1,1,26,356,2,1),(2488,7,172,'White','Large',11.03,1,2,36,322,2,1),(2489,1,151,'Black','Medium',5.97,1,1,69,335,2,1),(2490,6,2,'Gray','Medium',3.29,1,1,1,473,1,1),(2491,3,120,'White','Small',21.11,1,1,53,231,1,1),(2492,4,22,'White','Small',23.76,1,1,6,183,1,1),(2493,1,115,'Orange','Small',24.97,1,1,37,358,1,1),(2494,1,57,'White','Large',27.5,1,1,2,274,2,2),(2495,2,72,'Black','Medium',26.52,2,1,69,429,1,1),(2496,2,7,'Orange','Medium',29.99,1,2,41,398,2,2),(2497,5,119,'White','Medium',8.08,1,1,51,31,2,2),(2498,2,114,'White','Small',23.14,1,2,47,176,1,2),(2499,6,16,'Gray','Medium',18.01,2,1,13,404,2,1),(2500,6,83,'White','Large',8.58,1,1,76,64,1,2),(2501,1,179,'Brown','Small',29.48,1,1,69,197,2,1),(2502,7,72,'Orange','Small',27.04,1,1,66,26,1,1),(2503,2,124,'Brown','Small',4.73,1,2,59,150,2,2),(2504,2,113,'Orange','Small',1.76,1,1,68,302,2,2),(2505,4,12,'Gray','Large',20.96,1,1,59,478,2,2),(2506,2,126,'White','Medium',18.52,1,1,10,267,1,2);
/*!40000 ALTER TABLE `pets` ENABLE KEYS */;
UNLOCK TABLES;

--
-- Table structure for table `Previous_Owner`
--

DROP TABLE IF EXISTS `Previous_Owner`;
/*!40101 SET @saved_cs_client     = @@character_set_client */;
/*!50503 SET character_set_client = utf8mb4 */;
CREATE TABLE `Previous_Owner` (
  `Previous_Owner_id` int NOT NULL AUTO_INCREMENT,
  `Had_a_previous_owner` varchar(5) NOT NULL,
  PRIMARY KEY (`Previous_Owner_id`)
) ENGINE=InnoDB AUTO_INCREMENT=3 DEFAULT CHARSET=utf8mb3;
/*!40101 SET character_set_client = @saved_cs_client */;

--
-- Dumping data for table `Previous_Owner`
--

LOCK TABLES `Previous_Owner` WRITE;
/*!40000 ALTER TABLE `Previous_Owner` DISABLE KEYS */;
INSERT INTO `Previous_Owner` VALUES (1,'Yes'),(2,'No');
/*!40000 ALTER TABLE `Previous_Owner` ENABLE KEYS */;
UNLOCK TABLES;

--
-- Table structure for table `Vaccinated_Status`
--

DROP TABLE IF EXISTS `Vaccinated_Status`;
/*!40101 SET @saved_cs_client     = @@character_set_client */;
/*!50503 SET character_set_client = utf8mb4 */;
CREATE TABLE `Vaccinated_Status` (
  `Vaccinated_id` int NOT NULL AUTO_INCREMENT,
  `Vaccinated_Status` varchar(25) NOT NULL,
  PRIMARY KEY (`Vaccinated_id`)
) ENGINE=InnoDB AUTO_INCREMENT=3 DEFAULT CHARSET=utf8mb3;
/*!40101 SET character_set_client = @saved_cs_client */;

--
-- Dumping data for table `Vaccinated_Status`
--

LOCK TABLES `Vaccinated_Status` WRITE;
/*!40000 ALTER TABLE `Vaccinated_Status` DISABLE KEYS */;
INSERT INTO `Vaccinated_Status` VALUES (1,'Vaccinated'),(2,'Not vaccinated');
/*!40000 ALTER TABLE `Vaccinated_Status` ENABLE KEYS */;
UNLOCK TABLES;
/*!40103 SET TIME_ZONE=@OLD_TIME_ZONE */;

/*!40101 SET SQL_MODE=@OLD_SQL_MODE */;
/*!40014 SET FOREIGN_KEY_CHECKS=@OLD_FOREIGN_KEY_CHECKS */;
/*!40014 SET UNIQUE_CHECKS=@OLD_UNIQUE_CHECKS */;
/*!40101 SET CHARACTER_SET_CLIENT=@OLD_CHARACTER_SET_CLIENT */;
/*!40101 SET CHARACTER_SET_RESULTS=@OLD_CHARACTER_SET_RESULTS */;
/*!40101 SET COLLATION_CONNECTION=@OLD_COLLATION_CONNECTION */;
/*!40111 SET SQL_NOTES=@OLD_SQL_NOTES */;

-- Dump completed on 2025-11-11 12:00:10
